meet  session,2,570,2587100,3473628,6.34E-14
cornyn  follow,1,198,2587472,3473629,6.32E-14
hear  entitl,1,196,2587474,3473629,6.32E-14
senat  wednesday,1,180,2587490,3473629,6.31E-14
purpos  debat,1,169,2587501,3473629,6.31E-14
senat  permit,1,160,2587510,3473629,6.31E-14
speak  therein,1,159,2587511,3473629,6.31E-14
senat  tuesday,1,155,2587515,3473629,6.30E-14
follow  prayer,1,155,2587515,3473629,6.30E-14
therein  10,1,150,2587520,3473629,6.30E-14
wilson  south,1,149,2587521,3473629,6.30E-14
complet  busi,1,146,2587524,3473629,6.30E-14
reserv  day,1,145,2587525,3473629,6.30E-14
senat  thursday,1,145,2587525,3473629,6.30E-14
stand  adjourn,1,144,2587526,3473629,6.30E-14
move  proce,1,139,2587531,3473629,6.30E-14
adjourn  previous,1,139,2587531,3473629,6.30E-14
democrat  friend,1,138,2587532,3473629,6.30E-14
consent  stand,1,138,2587532,3473629,6.30E-14
preambl  agre,1,130,2587540,3473629,6.29E-14
agre  preambl,1,128,2587542,3473629,6.29E-14
rule  xxvi,1,126,2587544,3473629,6.29E-14
proce  consider,1,123,2587547,3473629,6.29E-14
2017  10,2,243,2587427,3473628,6.29E-14
xxvi  paragraph,1,118,2587552,3473629,6.28E-14
bishop  utah,1,114,2587556,3473629,6.28E-14
materi  bill,2,213,2587457,3473628,6.27E-14
submit  earlier,1,106,2587564,3473629,6.27E-14
930  am,1,105,2587565,3473629,6.27E-14
bradi  texa,2,208,2587462,3473628,6.27E-14
poe  texa,2,206,2587464,3473628,6.27E-14
senat  resum,1,100,2587570,3473629,6.27E-14
debat  confirm,1,96,2587574,3473629,6.26E-14
johnson  louisiana,1,92,2587578,3473629,6.26E-14
yield  purpos,1,88,2587582,3473629,6.25E-14
consider  follow,1,87,2587583,3473629,6.25E-14
mccarthi  thank,1,86,2587584,3473629,6.25E-14
relat  nomin,1,83,2587587,3473629,6.24E-14
bless  troop,1,83,2587587,3473629,6.24E-14
carter  texa,1,82,2587588,3473629,6.24E-14
debat  leav,1,81,2587589,3473629,6.24E-14
forget  septemb,1,81,2587589,3473629,6.24E-14
period  morn,2,161,2587509,3473628,6.24E-14
follow  leader,2,161,2587509,3473628,6.24E-14
time  roe,1,77,2587593,3473629,6.23E-14
calvert  chairman,1,76,2587594,3473629,6.23E-14
comstock  rise,1,74,2587596,3473629,6.23E-14
buck  yield,1,72,2587598,3473629,6.22E-14
thompson  pennsylvania,4,284,2587386,3473626,6.22E-14
forti  40,1,71,2587599,3473629,6.22E-14
doubl  child,1,70,2587600,3473629,6.22E-14
black  chairman,1,69,2587601,3473629,6.22E-14
final  follow,1,68,2587602,3473629,6.21E-14
pm  monday,1,66,2587604,3473629,6.21E-14
hatch  presid,2,130,2587540,3473628,6.21E-14
smith  jersey,1,65,2587605,3473629,6.21E-14
current  consider,1,65,2587605,3473629,6.21E-14
des  moin,2,129,2587541,3473628,6.21E-14
nomin  execut,1,64,2587606,3473629,6.20E-14
consider  res,2,124,2587546,3473628,6.20E-14
consid  calendar,1,61,2587609,3473629,6.20E-14
obamacar  tax,1,60,2587610,3473629,6.19E-14
approv  major,2,115,2587555,3473628,6.19E-14
consider  calendar,2,110,2587560,3473628,6.18E-14
paus  recogn,1,55,2587615,3473629,6.18E-14
215  pm,1,54,2587616,3473629,6.17E-14
date  time,3,157,2587513,3473627,6.17E-14
affair  author,2,102,2587568,3473628,6.16E-14
consent  hous,1,51,2587619,3473629,6.16E-14
earn  prestigi,1,51,2587619,3473629,6.16E-14
obamacar  premium,1,51,2587619,3473629,6.16E-14
resolut  agre,3,152,2587518,3473627,6.16E-14
consid  agre,1,50,2587620,3473629,6.16E-14
senat  complet,3,148,2587522,3473627,6.15E-14
mandatori  quorum,1,49,2587621,3473629,6.15E-14
commun  notabl,1,49,2587621,3473629,6.15E-14
curbelo  florida,1,49,2587621,3473629,6.15E-14
motion  reconsid,10,488,2587182,3473620,6.15E-14
effort  forth,1,48,2587622,3473629,6.15E-14
commend  hard,1,48,2587622,3473629,6.15E-14
vote  relat,1,48,2587622,3473629,6.15E-14
laid  tabl,10,475,2587195,3473620,6.15E-14
consid  laid,10,475,2587195,3473620,6.15E-14
reconsid  consid,10,471,2587199,3473620,6.15E-14
mcclintock  chairman,1,47,2587623,3473629,6.14E-14
congratul  moment,1,46,2587624,3473629,6.14E-14
accomplish  boy,1,45,2587625,3473629,6.13E-14
memori  armi,1,45,2587625,3473629,6.13E-14
septemb  11th,2,89,2587581,3473628,6.13E-14
agre  motion,4,177,2587493,3473626,6.13E-14
senat  recess,1,44,2587626,3473629,6.13E-14
tennesse  yield,2,87,2587583,3473628,6.13E-14
senat  period,3,130,2587540,3473627,6.12E-14
airr  act,1,43,2587627,3473629,6.12E-14
austin  scott,1,43,2587627,3473629,6.12E-14
exchang  letter,1,42,2587628,3473629,6.12E-14
anniversari  commit,1,42,2587628,3473629,6.12E-14
dirksen  senat,3,125,2587545,3473627,6.12E-14
move  previ,2,82,2587588,3473628,6.11E-14
am  thursday,1,41,2587629,3473629,6.11E-14
wednesday  october,1,41,2587629,3473629,6.11E-14
quest  resolut,2,81,2587589,3473628,6.11E-14
home  championship,1,40,2587630,3473629,6.10E-14
king  iowa,3,118,2587552,3473627,6.10E-14
util  talent,1,39,2587631,3473629,6.10E-14
obamacar  individu,1,39,2587631,3473629,6.10E-14
servic  author,2,77,2587593,3473628,6.09E-14
day  morn,3,115,2587555,3473627,6.09E-14
today  session,6,229,2587441,3473624,6.09E-14
congress  pride,2,76,2587594,3473628,6.09E-14
am  tuesday,1,38,2587632,3473629,6.09E-14
clerk  suprem,1,38,2587632,3473629,6.09E-14
1230  pm,1,38,2587632,3473629,6.09E-14
mccain  presid,3,113,2587557,3473627,6.09E-14
profession  award,1,37,2587633,3473629,6.08E-14
roe  tennesse,8,295,2587375,3473622,6.08E-14
paincap  unborn,2,72,2587598,3473628,6.08E-14
sacrific  defend,2,72,2587598,3473628,6.08E-14
review  provis,1,36,2587634,3473629,6.08E-14
chief  sponsor,1,36,2587634,3473629,6.08E-14
export  control,1,36,2587634,3473629,6.08E-14
dedic  shown,1,35,2587635,3473629,6.07E-14
housesen  confer,1,35,2587635,3473629,6.07E-14
committe  intent,1,35,2587635,3473629,6.07E-14
rebuild  militari,3,102,2587568,3473627,6.06E-14
staff  pleasur,1,34,2587636,3473629,6.06E-14
consent  resolut,4,134,2587536,3473626,6.05E-14
session  period,1,33,2587637,3473629,6.05E-14
opposit  motion,1,33,2587637,3473629,6.05E-14
commend  presid,1,33,2587637,3473629,6.05E-14
home  wyom,1,33,2587637,3473629,6.05E-14
appreci  respons,1,33,2587637,3473629,6.05E-14
thank  busi,1,33,2587637,3473629,6.05E-14
permit  speak,5,161,2587509,3473625,6.04E-14
leader  remark,6,192,2587478,3473624,6.04E-14
illeg  alien,3,96,2587574,3473627,6.04E-14
armi  depot,1,32,2587638,3473629,6.04E-14
onethird  counti,1,32,2587638,3473629,6.04E-14
capito  presid,1,32,2587638,3473629,6.04E-14
endeavor  wish,1,32,2587638,3473629,6.04E-14
conduct  hear,8,248,2587422,3473622,6.03E-14
sent  chairman,1,31,2587639,3473629,6.03E-14
reflect  effort,1,31,2587639,3473629,6.03E-14
propos  sale,1,31,2587639,3473629,6.03E-14
billion  hour,1,31,2587639,3473629,6.03E-14
hous  attent,1,31,2587639,3473629,6.03E-14
gentleman  kansa,1,31,2587639,3473629,6.03E-14
acting  solicitor,1,31,2587639,3473629,6.03E-14
medicaid  sustain,1,30,2587640,3473629,6.02E-14
pro  forma,1,30,2587640,3473629,6.02E-14
design  thank,1,30,2587640,3473629,6.02E-14
count  postclotur,1,30,2587640,3473629,6.02E-14
upton  chairman,1,30,2587640,3473629,6.02E-14
forma  session,1,30,2587640,3473629,6.02E-14
boy  town,1,30,2587640,3473629,6.02E-14
keep  committe,1,30,2587640,3473629,6.02E-14
illicit  financ,1,30,2587640,3473629,6.02E-14
receiv  cover,1,30,2587640,3473629,6.02E-14
pursuant  rule,4,118,2587552,3473626,6.01E-14
meet  9,1,29,2587641,3473629,6.00E-14
poverti  tax,1,29,2587641,3473629,6.00E-14
sixth  district,1,29,2587641,3473629,6.00E-14
tennesse  alexand,1,29,2587641,3473629,6.00E-14
simpler  fairer,1,29,2587641,3473629,6.00E-14
gentlewoman  missouri,1,29,2587641,3473629,6.00E-14
buck  counti,4,113,2587557,3473626,6.00E-14
bad  judg,1,28,2587642,3473629,5.99E-14
increas  takehom,1,28,2587642,3473629,5.99E-14
louisiana  chairman,1,28,2587642,3473629,5.99E-14
divis  ii,1,28,2587642,3473629,5.99E-14
profound  honor,1,28,2587642,3473629,5.99E-14
sergeant  class,2,55,2587615,3473628,5.99E-14
home  kentucki,1,27,2587643,3473629,5.98E-14
smith  missouri,1,27,2587643,3473629,5.98E-14
record  consider,1,27,2587643,3473629,5.98E-14
liber  media,1,27,2587643,3473629,5.98E-14
scott  palk,1,27,2587643,3473629,5.98E-14
call  respect,1,27,2587643,3473629,5.98E-14
dedic  worker,1,27,2587643,3473629,5.98E-14
worker  commit,1,27,2587643,3473629,5.98E-14
scout  project,2,53,2587617,3473628,5.97E-14
follow  committe,4,105,2587565,3473626,5.97E-14
statem  relat,3,78,2587592,3473627,5.96E-14
outdat  tax,2,52,2587618,3473628,5.96E-14
delawar  counti,2,52,2587618,3473628,5.96E-14
world  busi,1,26,2587644,3473629,5.96E-14
crest  retreat,1,26,2587644,3473629,5.96E-14
award  wish,1,26,2587644,3473629,5.96E-14
tennesse  madam,1,26,2587644,3473629,5.96E-14
senat  proce,22,567,2587103,3473608,5.96E-14
committe  armed,5,128,2587542,3473625,5.96E-14
105  percent,2,51,2587619,3473628,5.96E-14
frelinghuysen  chairman,2,51,2587619,3473628,5.96E-14
adopt  measur,2,50,2587620,3473628,5.95E-14
council  bluff,2,50,2587620,3473628,5.95E-14
bibl  week,1,25,2587645,3473629,5.95E-14
competit  rest,1,25,2587645,3473629,5.95E-14
georgia  carter,1,25,2587645,3473629,5.95E-14
obamacar  system,1,25,2587645,3473629,5.95E-14
ohio  chabot,1,25,2587645,3473629,5.95E-14
star  mother,1,25,2587645,3473629,5.95E-14
perri  chairman,1,25,2587645,3473629,5.95E-14
committeereport  amend,1,25,2587645,3473629,5.95E-14
patientcent  healthcar,1,25,2587645,3473629,5.95E-14
chabot  chairman,1,25,2587645,3473629,5.95E-14
affair  discharg,1,25,2587645,3473629,5.95E-14
herrera  beutler,1,25,2587645,3473629,5.95E-14
21st  district,2,49,2587621,3473628,5.94E-14
interven  action,11,268,2587402,3473619,5.94E-14
rule  xxii,3,73,2587597,3473627,5.94E-14
pride  recogn,4,96,2587574,3473626,5.93E-14
merit  badg,3,72,2587598,3473627,5.93E-14
achiev  distinct,2,48,2587622,3473628,5.93E-14
file  frivol,1,24,2587646,3473629,5.93E-14
gosar  chairman,1,24,2587646,3473629,5.93E-14
fenc  wall,1,24,2587646,3473629,5.93E-14
mail  system,1,24,2587646,3473629,5.93E-14
record  2000,1,24,2587646,3473629,5.93E-14
debat  2,1,24,2587646,3473629,5.93E-14
central  texa,1,24,2587646,3473629,5.93E-14
nebraska  chairman,1,24,2587646,3473629,5.93E-14
memori  websit,1,24,2587646,3473629,5.93E-14
leader  40,1,24,2587646,3473629,5.93E-14
forc  buy,2,47,2587623,3473628,5.92E-14
peer  commun,2,47,2587623,3473628,5.92E-14
committe  bank,3,69,2587601,3473627,5.91E-14
famili  peer,2,46,2587624,3473628,5.91E-14
reform  framework,1,23,2587647,3473629,5.91E-14
jersey  lanc,1,23,2587647,3473629,5.91E-14
decid  base,1,23,2587647,3473629,5.91E-14
moin  iowa,1,23,2587647,3473629,5.91E-14
god  countri,1,23,2587647,3473629,5.91E-14
colorado  extend,1,23,2587647,3473629,5.91E-14
bluff  iowa,1,23,2587647,3473629,5.91E-14
morn  hour,8,178,2587492,3473622,5.90E-14
follow  nomin,6,133,2587537,3473624,5.90E-14
continu  love,2,44,2587626,3473628,5.89E-14
committe  discharg,2,44,2587626,3473628,5.89E-14
11:00 AM,2,44,2587626,3473628,5.89E-14
hard  throughout,2,44,2587626,3473628,5.89E-14
22nd  district,1,22,2587648,3473629,5.89E-14
shimkus  chairman,1,22,2587648,3473629,5.89E-14
time  perri,1,22,2587648,3473629,5.89E-14
letter  confirm,1,22,2587648,3473629,5.89E-14
obamacar  look,1,22,2587648,3473629,5.89E-14
mac  thornberri,1,22,2587648,3473629,5.89E-14
granger  chairman,1,22,2587648,3473629,5.89E-14
obamacar  subsidi,1,22,2587648,3473629,5.89E-14
seen  premium,1,22,2587648,3473629,5.89E-14
consent  senat,33,723,2586947,3473597,5.89E-14
busi  senat,14,307,2587363,3473616,5.89E-14
10:00 AM,16,350,2587320,3473614,5.89E-14
avail  senat,3,65,2587605,3473627,5.88E-14
forward  confirm,2,43,2587627,3473628,5.88E-14
commun  eagl,2,43,2587627,3473628,5.88E-14
championship  school,2,43,2587627,3473628,5.88E-14
mccaul  chairman,2,43,2587627,3473628,5.88E-14
tax  penalti,3,64,2587606,3473627,5.88E-14
tabl  interven,7,149,2587521,3473623,5.88E-14
request  committe,6,127,2587543,3473624,5.87E-14
obamacar  american,2,42,2587628,3473628,5.87E-14
professor  biba,2,42,2587628,3473628,5.87E-14
senat  mississippi,2,42,2587628,3473628,5.87E-14
commit  grow,2,42,2587628,3473628,5.87E-14
judiciari  discharg,1,21,2587649,3473629,5.87E-14
trent  frank,1,21,2587649,3473629,5.87E-14
california  lamalfa,1,21,2587649,3473629,5.87E-14
assign  1st,1,21,2587649,3473629,5.87E-14
heartbeat  bill,1,21,2587649,3473629,5.87E-14
life  sacr,1,21,2587649,3473629,5.87E-14
project  proud,1,21,2587649,3473629,5.87E-14
seek  appoint,1,21,2587649,3473629,5.87E-14
marin  academi,1,21,2587649,3473629,5.87E-14
southern  tier,1,21,2587649,3473629,5.87E-14
auburn  univers,1,21,2587649,3473629,5.87E-14
reassign  surgeri,1,21,2587649,3473629,5.87E-14
session  senat,37,775,2586895,3473593,5.87E-14
action  debat,13,270,2587400,3473617,5.87E-14
consent  bill,4,83,2587587,3473626,5.86E-14
cherish  honor,2,41,2587629,3473628,5.86E-14
obamacar  failur,2,41,2587629,3473628,5.86E-14
love  cherish,2,40,2587630,3473628,5.85E-14
jim  bun,2,40,2587630,3473628,5.85E-14
mainstream  media,2,40,2587630,3473628,5.85E-14
grow  hire,1,20,2587650,3473629,5.85E-14
joe  balash,1,20,2587650,3473629,5.85E-14
protect  unborn,1,20,2587650,3473629,5.85E-14
committeereport  substitut,1,20,2587650,3473629,5.85E-14
mine  associat,1,20,2587650,3473629,5.85E-14
36  paincap,1,20,2587650,3473629,5.85E-14
mosquito  control,1,20,2587650,3473629,5.85E-14
nomin  list,1,20,2587650,3473629,5.85E-14
plan  doctor,1,20,2587650,3473629,5.85E-14
1st  marin,1,20,2587650,3473629,5.85E-14
regul  washington,1,20,2587650,3473629,5.85E-14
flow  illeg,1,20,2587650,3473629,5.85E-14
posit  attitud,1,20,2587650,3473629,5.85E-14
understand  job,1,20,2587650,3473629,5.85E-14
babi  protect,1,20,2587650,3473629,5.85E-14
cajun  navi,1,20,2587650,3473629,5.85E-14
past  bring,2,39,2587631,3473628,5.83E-14
east  texa,3,58,2587612,3473627,5.83E-14
consid  read,8,152,2587518,3473622,5.82E-14
peopl  alaska,2,38,2587632,3473628,5.82E-14
congression  veteran,2,38,2587632,3473628,5.82E-14
hold  meet,2,38,2587632,3473628,5.82E-14
close  hear,2,38,2587632,3473628,5.82E-14
regul  cost,2,38,2587632,3473628,5.82E-14
time  obamacar,1,19,2587651,3473629,5.82E-14
school  marin,1,19,2587651,3473629,5.82E-14
time  issa,1,19,2587651,3473629,5.82E-14
cost  obamacar,1,19,2587651,3473629,5.82E-14
respect  appoint,1,19,2587651,3473629,5.82E-14
win  class,1,19,2587651,3473629,5.82E-14
fort  smith,1,19,2587651,3473629,5.82E-14
plan  like,1,19,2587651,3473629,5.82E-14
arizona  bigg,1,19,2587651,3473629,5.82E-14
base  eros,1,19,2587651,3473629,5.82E-14
thursday  april,1,19,2587651,3473629,5.82E-14
healthi  forest,1,19,2587651,3473629,5.82E-14
am  session,1,19,2587651,3473629,5.82E-14
obamacar  isnt,1,19,2587651,3473629,5.82E-14
respons  acknowledg,1,19,2587651,3473629,5.82E-14
yes  rule,1,19,2587651,3473629,5.82E-14
shuster  chairman,1,19,2587651,3473629,5.82E-14
floor  blunt,1,19,2587651,3473629,5.82E-14
involv  bill,1,19,2587651,3473629,5.82E-14
presid  move,10,188,2587482,3473620,5.81E-14
proce  legisl,5,94,2587576,3473625,5.81E-14
pass  motion,7,130,2587540,3473623,5.81E-14
fischer  presid,2,37,2587633,3473628,5.81E-14
hon  michael,2,37,2587633,3473628,5.81E-14
rule  demand,2,37,2587633,3473628,5.81E-14
speaker  approv,2,37,2587633,3473628,5.81E-14
neal  katyal,2,37,2587633,3473628,5.81E-14
receiv  prior,2,37,2587633,3473628,5.81E-14
thornberri  chairman,2,37,2587633,3473628,5.81E-14
memori  fallen,2,37,2587633,3473628,5.81E-14
build  committe,3,55,2587615,3473627,5.80E-14
deduct  doubl,3,55,2587615,3473627,5.80E-14
3:00 PM,3,55,2587615,3473627,5.80E-14
obamacar  fail,5,91,2587579,3473625,5.80E-14
liu  xiaobo,3,54,2587616,3473627,5.79E-14
build  hold,2,36,2587634,3473628,5.79E-14
california  move,2,36,2587634,3473628,5.79E-14
pass  obamacar,2,36,2587634,3473628,5.79E-14
artwork  display,1,18,2587652,3473629,5.79E-14
kern  counti,1,18,2587652,3473629,5.79E-14
freedom  flexibl,1,18,2587652,3473629,5.79E-14
school  trust,1,18,2587652,3473629,5.79E-14
missouri  luetkemey,1,18,2587652,3473629,5.79E-14
actual  buy,1,18,2587652,3473629,5.79E-14
pillar  american,1,18,2587652,3473629,5.79E-14
democrat  forc,1,18,2587652,3473629,5.79E-14
1st  lt,1,18,2587652,3473629,5.79E-14
experi  extend,1,18,2587652,3473629,5.79E-14
fort  campbel,1,18,2587652,3473629,5.79E-14
bill  upton,1,18,2587652,3473629,5.79E-14
arkansa  westerman,1,18,2587652,3473629,5.79E-14
sign  obamacar,1,18,2587652,3473629,5.79E-14
2015  standard,1,18,2587652,3473629,5.79E-14
buy  obamacar,1,18,2587652,3473629,5.79E-14
bishop  chairman,1,18,2587652,3473629,5.79E-14
democrat  obstruct,1,18,2587652,3473629,5.79E-14
louisiana  thank,1,18,2587652,3473629,5.79E-14
alloftheabov  energi,1,18,2587652,3473629,5.79E-14
aderholt  chairman,1,18,2587652,3473629,5.79E-14
clemson  univers,1,18,2587652,3473629,5.79E-14
debat  yield,5,89,2587581,3473625,5.78E-14
colleagu  unite,13,229,2587441,3473617,5.78E-14
record  floor,2,35,2587635,3473628,5.77E-14
russel  senat,2,35,2587635,3473628,5.77E-14
obamacar  collaps,2,35,2587635,3473628,5.77E-14
discharg  consider,7,119,2587551,3473623,5.76E-14
2:00 PM,6,102,2587568,3473624,5.76E-14
bureaucrat  washington,3,51,2587619,3473627,5.76E-14
530  pm,3,51,2587619,3473627,5.76E-14
consent  committeereport,2,34,2587636,3473628,5.76E-14
sioux  citi,1,17,2587653,3473629,5.76E-14
independ  judg,1,17,2587653,3473629,5.76E-14
articl  author,1,17,2587653,3473629,5.76E-14
legisl  begin,1,17,2587653,3473629,5.76E-14
visit  enjoy,1,17,2587653,3473629,5.76E-14
uniqu  innov,1,17,2587653,3473629,5.76E-14
recognit  wish,1,17,2587653,3473629,5.76E-14
learn  expand,1,17,2587653,3473629,5.76E-14
bronz  oak,1,17,2587653,3473629,5.76E-14
carolina  norman,1,17,2587653,3473629,5.76E-14
untest  rape,1,17,2587653,3473629,5.76E-14
subcommitte  western,1,17,2587653,3473629,5.76E-14
mississippi  nativ,1,17,2587653,3473629,5.76E-14
forc  purchas,1,17,2587653,3473629,5.76E-14
build  fenc,1,17,2587653,3473629,5.76E-14
tabl  motion,1,17,2587653,3473629,5.76E-14
citi  aurora,1,17,2587653,3473629,5.76E-14
tort  reform,1,17,2587653,3473629,5.76E-14
request  appreci,1,17,2587653,3473629,5.76E-14
allow  upordown,1,17,2587653,3473629,5.76E-14
3rd  battalion,1,17,2587653,3473629,5.76E-14
commit  repeal,1,17,2587653,3473629,5.76E-14
taxpay  union,1,17,2587653,3473629,5.76E-14
indiana  messer,1,17,2587653,3473629,5.76E-14
cub  scout,1,17,2587653,3473629,5.76E-14
gener  farmer,1,17,2587653,3473629,5.76E-14
regul  come,1,17,2587653,3473629,5.76E-14
hold  subcommitte,1,17,2587653,3473629,5.76E-14
provinc  afghanistan,1,17,2587653,3473629,5.76E-14
suprem  qualifi,1,17,2587653,3473629,5.76E-14
gorsuch  deserv,1,17,2587653,3473629,5.76E-14
sequenti  referr,1,17,2587653,3473629,5.76E-14
proce  immedi,13,219,2587451,3473617,5.75E-14
consent  committe,6,100,2587570,3473624,5.75E-14
repres  leader,3,50,2587620,3473627,5.75E-14
materi  record,5,83,2587587,3473625,5.74E-14
tabl  presid,5,83,2587587,3473625,5.74E-14
unelect  unaccount,2,33,2587637,3473628,5.74E-14
postclotur  time,3,49,2587621,3473627,5.73E-14
radic  islam,6,97,2587573,3473624,5.73E-14
senat  follow,8,129,2587541,3473622,5.73E-14
committe  commerc,5,80,2587590,3473625,5.72E-14
obamacar  pass,5,80,2587590,3473625,5.72E-14
time  black,3,48,2587622,3473627,5.72E-14
effort  month,2,32,2587638,3473628,5.72E-14
classifi  annex,2,32,2587638,3473628,5.72E-14
georgia  direct,1,16,2587654,3473629,5.72E-14
carolina  graham,1,16,2587654,3473629,5.72E-14
save  expens,1,16,2587654,3473629,5.72E-14
texa  culberson,1,16,2587654,3473629,5.72E-14
recipi  congression,1,16,2587654,3473629,5.72E-14
simpli  refus,1,16,2587654,3473629,5.72E-14
calendar  nomin,1,16,2587654,3473629,5.72E-14
obamaera  regul,1,16,2587654,3473629,5.72E-14
iraq  campaign,1,16,2587654,3473629,5.72E-14
object  own,1,16,2587654,3473629,5.72E-14
gorsuch  except,1,16,2587654,3473629,5.72E-14
deport  five,1,16,2587654,3473629,5.72E-14
buena  vista,1,16,2587654,3473629,5.72E-14
obamacar  move,1,16,2587654,3473629,5.72E-14
desk  read,1,16,2587654,3473629,5.72E-14
obamacar  congress,1,16,2587654,3473629,5.72E-14
increas  obamacar,1,16,2587654,3473629,5.72E-14
retail  associat,1,16,2587654,3473629,5.72E-14
nomin  tenth,1,16,2587654,3473629,5.72E-14
nebraska  bacon,1,16,2587654,3473629,5.72E-14
run  machin,1,16,2587654,3473629,5.72E-14
overal  tax,1,16,2587654,3473629,5.72E-14
clinton  counti,1,16,2587654,3473629,5.72E-14
complet  list,1,16,2587654,3473629,5.72E-14
texa  burgess,1,16,2587654,3473629,5.72E-14
eastern  montana,1,16,2587654,3473629,5.72E-14
billion  regulatori,1,16,2587654,3473629,5.72E-14
filibust  death,1,16,2587654,3473629,5.72E-14
utmost  support,1,16,2587654,3473629,5.72E-14
wotus  rule,1,16,2587654,3473629,5.72E-14
liu  xia,1,16,2587654,3473629,5.72E-14
thursday  hous,1,16,2587654,3473629,5.72E-14
repeal  burdensom,1,16,2587654,3473629,5.72E-14
school  team,1,16,2587654,3473629,5.72E-14
electron  data,1,16,2587654,3473629,5.72E-14
cbo  staff,1,16,2587654,3473629,5.72E-14
flare  rule,1,16,2587654,3473629,5.72E-14
own  request,1,16,2587654,3473629,5.72E-14
list  announc,1,16,2587654,3473629,5.72E-14
ms13  gang,1,16,2587654,3473629,5.72E-14
time  leader,10,159,2587511,3473620,5.72E-14
time  bradi,3,47,2587623,3473627,5.71E-14
close  follow,4,62,2587608,3473626,5.70E-14
stipul  senat,2,31,2587639,3473628,5.70E-14
rank  minor,2,31,2587639,3473628,5.70E-14
senat  unanim,13,201,2587469,3473617,5.70E-14
take  activ,3,46,2587624,3473627,5.69E-14
respect  famili,3,46,2587624,3473627,5.69E-14
regul  impos,3,46,2587624,3473627,5.69E-14
motion  desk,6,91,2587579,3473624,5.69E-14
duncan  tennesse,3,45,2587625,3473627,5.68E-14
meaning  tax,2,30,2587640,3473628,5.68E-14
behalf  pennsylvania,2,30,2587640,3473628,5.68E-14
hold  close,2,30,2587640,3473628,5.68E-14
gentleman  nebraska,2,30,2587640,3473628,5.68E-14
obamacar  bill,2,30,2587640,3473628,5.68E-14
record  wish,2,30,2587640,3473628,5.68E-14
cole  yield,2,30,2587640,3473628,5.68E-14
histor  averag,1,15,2587655,3473629,5.68E-14
control  manag,1,15,2587655,3473629,5.68E-14
obamacar  market,1,15,2587655,3473629,5.68E-14
peopl  king,1,15,2587655,3473629,5.68E-14
travel  tourism,1,15,2587655,3473629,5.68E-14
origin  intend,1,15,2587655,3473629,5.68E-14
trump  vice,1,15,2587655,3473629,5.68E-14
dee  restrict,1,15,2587655,3473629,5.68E-14
district  kansa,1,15,2587655,3473629,5.68E-14
asset  america,1,15,2587655,3473629,5.68E-14
california  knight,1,15,2587655,3473629,5.68E-14
balanc  10,1,15,2587655,3473629,5.68E-14
compromis  principl,1,15,2587655,3473629,5.68E-14
faith  judg,1,15,2587655,3473629,5.68E-14
entrepreneurship  council,1,15,2587655,3473629,5.68E-14
percent  quarter,1,15,2587655,3473629,5.68E-14
2nd  district,1,15,2587655,3473629,5.68E-14
nics  list,1,15,2587655,3473629,5.68E-14
carter  carter,1,15,2587655,3473629,5.68E-14
wwii  veteran,1,15,2587655,3473629,5.68E-14
solicitor  presid,1,15,2587655,3473629,5.68E-14
fall  committe,1,15,2587655,3473629,5.68E-14
home  utah,1,15,2587655,3473629,5.68E-14
buffalo  bill,1,15,2587655,3473629,5.68E-14
school  histor,1,15,2587655,3473629,5.68E-14
capit  israel,1,15,2587655,3473629,5.68E-14
compani  1st,1,15,2587655,3473629,5.68E-14
team  famili,1,15,2587655,3473629,5.68E-14
hit  3,1,15,2587655,3473629,5.68E-14
resolut  reconcili,1,15,2587655,3473629,5.68E-14
king  king,1,15,2587655,3473629,5.68E-14
propos  standard,1,15,2587655,3473629,5.68E-14
pay  obamacar,1,15,2587655,3473629,5.68E-14
wife  juli,1,15,2587655,3473629,5.68E-14
polit  militari,1,15,2587655,3473629,5.68E-14
denali  commiss,1,15,2587655,3473629,5.68E-14
emergenc  physician,1,15,2587655,3473629,5.68E-14
season  yield,1,15,2587655,3473629,5.68E-14
exchang  obamacar,1,15,2587655,3473629,5.68E-14
fighter  wing,1,15,2587655,3473629,5.68E-14
texa  hensarl,1,15,2587655,3473629,5.68E-14
coach  associat,1,15,2587655,3473629,5.68E-14
class  4,1,15,2587655,3473629,5.68E-14
machin  call,1,15,2587655,3473629,5.68E-14
burdensom  mandat,1,15,2587655,3473629,5.68E-14
missouri  wagner,1,15,2587655,3473629,5.68E-14
confirm  soon,1,15,2587655,3473629,5.68E-14
recogn  offer,1,15,2587655,3473629,5.68E-14
york  tenney,1,15,2587655,3473629,5.68E-14
colleg  emergenc,1,15,2587655,3473629,5.68E-14
resolut  time,6,89,2587581,3473624,5.67E-14
purpos  amend,10,147,2587523,3473620,5.67E-14
author  hold,3,44,2587626,3473627,5.67E-14
armi  sergeant,3,44,2587626,3473627,5.67E-14
texa  poe,2,29,2587641,3473628,5.66E-14
seal  team,2,29,2587641,3473628,5.66E-14
ban  list,2,29,2587641,3473628,5.66E-14
clotur  invok,2,29,2587641,3473628,5.66E-14
eagl  scout,24,347,2587323,3473606,5.66E-14
unborn  child,7,101,2587569,3473623,5.65E-14
obamacar  exchang,8,115,2587555,3473622,5.65E-14
central  york,3,43,2587627,3473627,5.65E-14
brigad  combat,5,71,2587599,3473625,5.64E-14
consider  resolut,6,84,2587586,3473624,5.63E-14
valu  reflect,3,42,2587628,3473627,5.63E-14
michael  mccaul,3,42,2587628,3473627,5.63E-14
clinton  foundat,3,42,2587628,3473627,5.63E-14
wednesday  decemb,2,28,2587642,3473628,5.63E-14
cochran  senat,2,28,2587642,3473628,5.63E-14
athlet  academ,2,28,2587642,3473628,5.63E-14
fort  riley,2,28,2587642,3473628,5.63E-14
letter  matter,2,28,2587642,3473628,5.63E-14
hard  staff,2,28,2587642,3473628,5.63E-14
athlet  associat,2,28,2587642,3473628,5.63E-14
individu  choic,1,14,2587656,3473629,5.63E-14
hill  thank,1,14,2587656,3473629,5.63E-14
missil  submarin,1,14,2587656,3473629,5.63E-14
spirit  am,1,14,2587656,3473629,5.63E-14
stop  enabl,1,14,2587656,3473629,5.63E-14
constitut  republ,1,14,2587656,3473629,5.63E-14
deal  cours,1,14,2587656,3473629,5.63E-14
indiana  brook,1,14,2587656,3473629,5.63E-14
wall  china,1,14,2587656,3473629,5.63E-14
restor  hope,1,14,2587656,3473629,5.63E-14
local  parti,1,14,2587656,3473629,5.63E-14
engine  battalion,1,14,2587656,3473629,5.63E-14
terror  illicit,1,14,2587656,3473629,5.63E-14
game  manag,1,14,2587656,3473629,5.63E-14
receiv  upordown,1,14,2587656,3473629,5.63E-14
pain  capabl,1,14,2587656,3473629,5.63E-14
home  louisiana,1,14,2587656,3473629,5.63E-14
tax  health,1,14,2587656,3473629,5.63E-14
assembl  god,1,14,2587656,3473629,5.63E-14
pennsylvania  smucker,1,14,2587656,3473629,5.63E-14
expand  choic,1,14,2587656,3473629,5.63E-14
fort  leonard,1,14,2587656,3473629,5.63E-14
effici  market,1,14,2587656,3473629,5.63E-14
law  sanctuari,1,14,2587656,3473629,5.63E-14
depart  watch,1,14,2587656,3473629,5.63E-14
obama  2011,1,14,2587656,3473629,5.63E-14
largest  sponsor,1,14,2587656,3473629,5.63E-14
stand  recess,1,14,2587656,3473629,5.63E-14
330  pm,1,14,2587656,3473629,5.63E-14
retail  feder,1,14,2587656,3473629,5.63E-14
lower  busi,1,14,2587656,3473629,5.63E-14
market  obamacar,1,14,2587656,3473629,5.63E-14
camp  shelbi,1,14,2587656,3473629,5.63E-14
wisconsin  duffi,1,14,2587656,3473629,5.63E-14
subcommitte  east,1,14,2587656,3473629,5.63E-14
michigan  district,1,14,2587656,3473629,5.63E-14
reform  gener,1,14,2587656,3473629,5.63E-14
restor  constitut,1,14,2587656,3473629,5.63E-14
texa  carter,1,14,2587656,3473629,5.63E-14
texa  bradi,1,14,2587656,3473629,5.63E-14
act  braveri,1,14,2587656,3473629,5.63E-14
victim  abus,1,14,2587656,3473629,5.63E-14
behalf  rule,1,14,2587656,3473629,5.63E-14
sergeant  william,1,14,2587656,3473629,5.63E-14
merit  bronz,1,14,2587656,3473629,5.63E-14
sergeant  robert,1,14,2587656,3473629,5.63E-14
associat  class,1,14,2587656,3473629,5.63E-14
institut  mortgag,1,14,2587656,3473629,5.63E-14
clinton  obama,1,14,2587656,3473629,5.63E-14
excruci  pain,1,14,2587656,3473629,5.63E-14
incom  class,1,14,2587656,3473629,5.63E-14
train  mission,1,14,2587656,3473629,5.63E-14
5  unit,1,14,2587656,3473629,5.63E-14
dc  april,1,14,2587656,3473629,5.63E-14
ohio  davidson,1,14,2587656,3473629,5.63E-14
left  endur,1,14,2587656,3473629,5.63E-14
temporari  paus,1,14,2587656,3473629,5.63E-14
energi  renaiss,1,14,2587656,3473629,5.63E-14
understand  frustrat,1,14,2587656,3473629,5.63E-14
contribut  agricultur,1,14,2587656,3473629,5.63E-14
expediti  manner,1,14,2587656,3473629,5.63E-14
suspend  rule,30,412,2587258,3473600,5.62E-14
equal  divid,15,205,2587465,3473615,5.62E-14
asset  offic,3,41,2587629,3473627,5.62E-14
sam  johnson,3,41,2587629,3473627,5.62E-14
mutual  understand,4,54,2587616,3473626,5.61E-14
permit  holder,2,27,2587643,3473628,5.61E-14
bill  calendar,2,27,2587643,3473628,5.61E-14
devic  tax,2,27,2587643,3473628,5.61E-14
marin  expeditionari,2,27,2587643,3473628,5.61E-14
busi  close,9,120,2587550,3473621,5.60E-14
loudoun  counti,5,66,2587604,3473625,5.59E-14
read  third,13,171,2587499,3473617,5.59E-14
hous  resolut,22,288,2587382,3473608,5.59E-14
partisan  filibust,8,104,2587566,3473622,5.58E-14
act  sponsor,5,65,2587605,3473625,5.58E-14
accord  associat,3,39,2587631,3473627,5.58E-14
onceinagener  opportun,3,39,2587631,3473627,5.58E-14
claim  subject,2,26,2587644,3473628,5.58E-14
involv  success,2,26,2587644,3473628,5.58E-14
hear  subcommitte,2,26,2587644,3473628,5.58E-14
alabama  hous,2,26,2587644,3473628,5.58E-14
applaud  presid,2,26,2587644,3473628,5.58E-14
averag  individu,2,26,2587644,3473628,5.58E-14
offic  hard,2,26,2587644,3473628,5.58E-14
kentucki  barr,2,26,2587644,3473628,5.58E-14
oversea  seen,1,13,2587657,3473629,5.58E-14
nomin  motion,1,13,2587657,3473629,5.58E-14
texa  histori,1,13,2587657,3473629,5.58E-14
reform  economi,1,13,2587657,3473629,5.58E-14
christian  jew,1,13,2587657,3473629,5.58E-14
peopl  nicaragua,1,13,2587657,3473629,5.58E-14
thank  sheriff,1,13,2587657,3473629,5.58E-14
level  competit,1,13,2587657,3473629,5.58E-14
restor  freedom,1,13,2587657,3473629,5.58E-14
world  foremost,1,13,2587657,3473629,5.58E-14
combat  tour,1,13,2587657,3473629,5.58E-14
name  consid,1,13,2587657,3473629,5.58E-14
38th  anniversari,1,13,2587657,3473629,5.58E-14
move  embassi,1,13,2587657,3473629,5.58E-14
governor  abbott,1,13,2587657,3473629,5.58E-14
percent  obamacar,1,13,2587657,3473629,5.58E-14
scout  award,1,13,2587657,3473629,5.58E-14
financ  manufactur,1,13,2587657,3473629,5.58E-14
award  school,1,13,2587657,3473629,5.58E-14
market  left,1,13,2587657,3473629,5.58E-14
senat  march,1,13,2587657,3473629,5.58E-14
streamlin  permit,1,13,2587657,3473629,5.58E-14
applaud  chairman,1,13,2587657,3473629,5.58E-14
alaska  murkowski,1,13,2587657,3473629,5.58E-14
maximum  flexibl,1,13,2587657,3473629,5.58E-14
relief  plan,1,13,2587657,3473629,5.58E-14
mcsalli  rise,1,13,2587657,3473629,5.58E-14
colorado  coffman,1,13,2587657,3473629,5.58E-14
busi  forc,1,13,2587657,3473629,5.58E-14
sullivan  counti,1,13,2587657,3473629,5.58E-14
excel  exampl,1,13,2587657,3473629,5.58E-14
cobb  counti,1,13,2587657,3473629,5.58E-14
countri  studi,1,13,2587657,3473629,5.58E-14
terrif  job,1,13,2587657,3473629,5.58E-14
defend  status,1,13,2587657,3473629,5.58E-14
statehood  act,1,13,2587657,3473629,5.58E-14
township  polic,1,13,2587657,3473629,5.58E-14
kennesaw  mountain,1,13,2587657,3473629,5.58E-14
free  american,1,13,2587657,3473629,5.58E-14
congressman  regula,1,13,2587657,3473629,5.58E-14
2  stand,1,13,2587657,3473629,5.58E-14
terror  expeditionari,1,13,2587657,3473629,5.58E-14
southwest  missouri,1,13,2587657,3473629,5.58E-14
guarante  issu,1,13,2587657,3473629,5.58E-14
line  street,1,13,2587657,3473629,5.58E-14
gorsuch  receiv,1,13,2587657,3473629,5.58E-14
busi  recov,1,13,2587657,3473629,5.58E-14
enforc  women,1,13,2587657,3473629,5.58E-14
increas  105,1,13,2587657,3473629,5.58E-14
posit  limit,1,13,2587657,3473629,5.58E-14
pope  john,1,13,2587657,3473629,5.58E-14
ii  gener,1,13,2587657,3473629,5.58E-14
pacif  internat,1,13,2587657,3473629,5.58E-14
qualifi  suprem,1,13,2587657,3473629,5.58E-14
confirm  cabinet,1,13,2587657,3473629,5.58E-14
obamacar  coverag,1,13,2587657,3473629,5.58E-14
chemistri  council,1,13,2587657,3473629,5.58E-14
amend  withdrawn,1,13,2587657,3473629,5.58E-14
home  iowa,1,13,2587657,3473629,5.58E-14
remov  demot,1,13,2587657,3473629,5.58E-14
sit  bench,1,13,2587657,3473629,5.58E-14
nation  march,1,13,2587657,3473629,5.58E-14
undermin  peac,1,13,2587657,3473629,5.58E-14
antiisrael  resolut,1,13,2587657,3473629,5.58E-14
michigan  bergman,1,13,2587657,3473629,5.58E-14
heart  obamacar,1,13,2587657,3473629,5.58E-14
constitut  societi,1,13,2587657,3473629,5.58E-14
chines  communist,1,13,2587657,3473629,5.58E-14
obamacar  creat,1,13,2587657,3473629,5.58E-14
forens  evid,1,13,2587657,3473629,5.58E-14
move  headquart,1,13,2587657,3473629,5.58E-14
impos  own,1,13,2587657,3473629,5.58E-14
enhanc  child,1,13,2587657,3473629,5.58E-14
revenu  govern,1,13,2587657,3473629,5.58E-14
basi  law,1,13,2587657,3473629,5.58E-14
left  obamacar,1,13,2587657,3473629,5.58E-14
116  percent,1,13,2587657,3473629,5.58E-14
mortgag  relief,1,13,2587657,3473629,5.58E-14
privaci  regul,1,13,2587657,3473629,5.58E-14
militari  vehicl,1,13,2587657,3473629,5.58E-14
regul  caus,1,13,2587657,3473629,5.58E-14
stand  rule,11,141,2587529,3473619,5.57E-14
west  texa,4,51,2587619,3473626,5.57E-14
unborn  children,4,51,2587619,3473626,5.57E-14
bill  consider,16,203,2587467,3473614,5.56E-14
muslim  brotherhood,3,38,2587632,3473627,5.56E-14
consent  5,49,619,2587051,3473581,5.56E-14
day  revis,49,616,2587054,3473581,5.56E-14
unfortun  democrat,2,25,2587645,3473628,5.55E-14
promis  obamacar,2,25,2587645,3473628,5.55E-14
heart  medal,2,25,2587645,3473628,5.55E-14
care  obamacar,2,25,2587645,3473628,5.55E-14
wane  day,2,25,2587645,3473628,5.55E-14
main  poliquin,2,25,2587645,3473628,5.55E-14
justic  byron,2,25,2587645,3473628,5.55E-14
tennesse  roe,2,25,2587645,3473628,5.55E-14
return  power,2,25,2587645,3473628,5.55E-14
billion  fiscal,2,25,2587645,3473628,5.55E-14
resourc  senat,2,25,2587645,3473628,5.55E-14
mandat  forc,2,25,2587645,3473628,5.55E-14
recogn  congratul,20,247,2587423,3473610,5.54E-14
agre  speaker,3,37,2587633,3473627,5.54E-14
polici  prefer,3,37,2587633,3473627,5.54E-14
effort  contribut,3,37,2587633,3473627,5.54E-14
rule  pass,33,406,2587264,3473597,5.54E-14
immedi  consider,35,430,2587240,3473595,5.54E-14
committe  agricultur,7,86,2587584,3473623,5.54E-14
govern  control,4,49,2587621,3473626,5.54E-14
hous  district,4,49,2587621,3473626,5.54E-14
5  legisl,51,618,2587052,3473579,5.53E-14
receiv  hous,3,36,2587634,3473627,5.52E-14
michigan  huizenga,2,24,2587646,3473628,5.52E-14
busi  farm,2,24,2587646,3473628,5.52E-14
hockey  team,2,24,2587646,3473628,5.52E-14
fail  obamacar,2,24,2587646,3473628,5.52E-14
materi  topic,2,24,2587646,3473628,5.52E-14
time  determin,2,24,2587646,3473628,5.52E-14
singl  insur,2,24,2587646,3473628,5.52E-14
choic  lower,2,24,2587646,3473628,5.52E-14
counti  chamber,2,24,2587646,3473628,5.52E-14
presid  committe,2,24,2587646,3473628,5.52E-14
tuesday  march,2,24,2587646,3473628,5.52E-14
aviat  commun,2,24,2587646,3473628,5.52E-14
justic  kagan,2,24,2587646,3473628,5.52E-14
topic  speci,2,24,2587646,3473628,5.52E-14
roslehtinen  thank,2,24,2587646,3473628,5.52E-14
pleasur  wish,1,12,2587658,3473629,5.52E-14
usfs  blm,1,12,2587658,3473629,5.52E-14
wednesday  17,1,12,2587658,3473629,5.52E-14
famili  median,1,12,2587658,3473629,5.52E-14
regul  stifl,1,12,2587658,3473629,5.52E-14
monday  hous,1,12,2587658,3473629,5.52E-14
obamacar  disast,1,12,2587658,3473629,5.52E-14
helicopt  pilot,1,12,2587658,3473629,5.52E-14
flight  hour,1,12,2587658,3473629,5.52E-14
vote  invok,1,12,2587658,3473629,5.52E-14
durbin  amend,1,12,2587658,3473629,5.52E-14
margin  rate,1,12,2587658,3473629,5.52E-14
nation  retail,1,12,2587658,3473629,5.52E-14
report  obama,1,12,2587658,3473629,5.52E-14
accomplish  colleagu,1,12,2587658,3473629,5.52E-14
scout  gold,1,12,2587658,3473629,5.52E-14
takeov  healthcar,1,12,2587658,3473629,5.52E-14
begin  restor,1,12,2587658,3473629,5.52E-14
regim  fort,1,12,2587658,3473629,5.52E-14
consent  list,1,12,2587658,3473629,5.52E-14
misguid  rule,1,12,2587658,3473629,5.52E-14
home  arkansa,1,12,2587658,3473629,5.52E-14
offic  sheriff,1,12,2587658,3473629,5.52E-14
remark  democrat,1,12,2587658,3473629,5.52E-14
court  hous,1,12,2587658,3473629,5.52E-14
famili  memori,1,12,2587658,3473629,5.52E-14
goal  american,1,12,2587658,3473629,5.52E-14
stand  life,1,12,2587658,3473629,5.52E-14
forc  career,1,12,2587658,3473629,5.52E-14
europ  eurasia,1,12,2587658,3473629,5.52E-14
shoot  sport,1,12,2587658,3473629,5.52E-14
roslehtinen  chairman,1,12,2587658,3473629,5.52E-14
determin  major,1,12,2587658,3473629,5.52E-14
servic  iowa,1,12,2587658,3473629,5.52E-14
hollow  forc,1,12,2587658,3473629,5.52E-14
applaud  congratul,1,12,2587658,3473629,5.52E-14
pass  veteran,1,12,2587658,3473629,5.52E-14
whom  judg,1,12,2587658,3473629,5.52E-14
louisiana  higgin,1,12,2587658,3473629,5.52E-14
soldier  armi,1,12,2587658,3473629,5.52E-14
delay  obstruct,1,12,2587658,3473629,5.52E-14
patient  control,1,12,2587658,3473629,5.52E-14
unnecessari  rule,1,12,2587658,3473629,5.52E-14
polici  doctor,1,12,2587658,3473629,5.52E-14
10year  budget,1,12,2587658,3473629,5.52E-14
cape  coral,1,12,2587658,3473629,5.52E-14
2006  judg,1,12,2587658,3473629,5.52E-14
feder  record,1,12,2587658,3473629,5.52E-14
unanim  judg,1,12,2587658,3473629,5.52E-14
hero  am,1,12,2587658,3473629,5.52E-14
repeal  bad,1,12,2587658,3473629,5.52E-14
rise  china,1,12,2587658,3473629,5.52E-14
addit  suprem,1,12,2587658,3473629,5.52E-14
kansa  countri,1,12,2587658,3473629,5.52E-14
reform  hr,1,12,2587658,3473629,5.52E-14
eros  tax,1,12,2587658,3473629,5.52E-14
recogn  colonel,1,12,2587658,3473629,5.52E-14
support  battalion,1,12,2587658,3473629,5.52E-14
educ  labor,1,12,2587658,3473629,5.52E-14
women  wear,1,12,2587658,3473629,5.52E-14
wisconsin  ryan,1,12,2587658,3473629,5.52E-14
colleagu  minor,1,12,2587658,3473629,5.52E-14
affair  purpos,1,12,2587658,3473629,5.52E-14
partisan  law,1,12,2587658,3473629,5.52E-14
jumpstart  economi,1,12,2587658,3473629,5.52E-14
chairman  nutrit,1,12,2587658,3473629,5.52E-14
written  constitut,1,12,2587658,3473629,5.52E-14
receiv  outstand,1,12,2587658,3473629,5.52E-14
washington  control,1,12,2587658,3473629,5.52E-14
pretax  dollar,1,12,2587658,3473629,5.52E-14
hope  accomplish,1,12,2587658,3473629,5.52E-14
burden  obamacar,1,12,2587658,3473629,5.52E-14
chang  obamacar,1,12,2587658,3473629,5.52E-14
fellow  hoosier,1,12,2587658,3473629,5.52E-14
administr  overreach,1,12,2587658,3473629,5.52E-14
estim  hr,1,12,2587658,3473629,5.52E-14
green  beret,1,12,2587658,3473629,5.52E-14
busi  record,8,94,2587576,3473622,5.50E-14
forc  academi,7,82,2587588,3473623,5.50E-14
8  obama,3,35,2587635,3473627,5.50E-14
plan  obamacar,3,35,2587635,3473627,5.50E-14
gun  ban,3,35,2587635,3473627,5.50E-14
frivol  lawsuit,8,92,2587578,3473622,5.49E-14
america  effort,4,46,2587624,3473626,5.49E-14
meet  10,2,23,2587647,3473628,5.49E-14
york  slaught,2,23,2587647,3473628,5.49E-14
fill  tax,2,23,2587647,3473628,5.49E-14
expediti  hous,2,23,2587647,3473628,5.49E-14
success  athlet,2,23,2587647,3473628,5.49E-14
compli  regul,2,23,2587647,3473628,5.49E-14
visa  lotteri,2,23,2587647,3473628,5.49E-14
follow  amend,2,23,2587647,3473628,5.49E-14
execut  sess,19,218,2587452,3473611,5.48E-14
enterpris  system,3,34,2587636,3473627,5.47E-14
counti  america,4,45,2587625,3473626,5.47E-14
agricultur  nutrit,4,45,2587625,3473626,5.47E-14
money  earn,4,45,2587625,3473626,5.47E-14
annual  review,3,33,2587637,3473627,5.45E-14
letter  refer,3,33,2587637,3473627,5.45E-14
sanctuari  polici,2,22,2587648,3473628,5.45E-14
wall  fenc,2,22,2587648,3473628,5.45E-14
combat  readi,2,22,2587648,3473628,5.45E-14
univers  kansa,2,22,2587648,3473628,5.45E-14
reform  program,2,22,2587648,3473628,5.45E-14
chairman  enzi,2,22,2587648,3473628,5.45E-14
appreci  passion,1,11,2587659,3473629,5.45E-14
ohio  johnson,1,11,2587659,3473629,5.45E-14
allegheni  nation,1,11,2587659,3473629,5.45E-14
legisl  streamlin,1,11,2587659,3473629,5.45E-14
penalti  irs,1,11,2587659,3473629,5.45E-14
miner  develop,1,11,2587659,3473629,5.45E-14
pennsylvania  polic,1,11,2587659,3473629,5.45E-14
privileg  congratul,1,11,2587659,3473629,5.45E-14
bill  bradi,1,11,2587659,3473629,5.45E-14
incred  stori,1,11,2587659,3473629,5.45E-14
illeg  enter,1,11,2587659,3473629,5.45E-14
chairman  mark,1,11,2587659,3473629,5.45E-14
credit  subcommitte,1,11,2587659,3473629,5.45E-14
roslehtinen  chair,1,11,2587659,3473629,5.45E-14
union  operat,1,11,2587659,3473629,5.45E-14
request  urg,1,11,2587659,3473629,5.45E-14
port  hodeidah,1,11,2587659,3473629,5.45E-14
direct  relief,1,11,2587659,3473629,5.45E-14
kill  mosquito,1,11,2587659,3473629,5.45E-14
iowa  governor,1,11,2587659,3473629,5.45E-14
achiev  earn,1,11,2587659,3473629,5.45E-14
suffolk  counti,1,11,2587659,3473629,5.45E-14
ohio  proud,1,11,2587659,3473629,5.45E-14
follow  messag,1,11,2587659,3473629,5.45E-14
heller  amend,1,11,2587659,3473629,5.45E-14
sole  proprietorship,1,11,2587659,3473629,5.45E-14
epas  own,1,11,2587659,3473629,5.45E-14
time  size,1,11,2587659,3473629,5.45E-14
opinion  unanim,1,11,2587659,3473629,5.45E-14
regul  presid,1,11,2587659,3473629,5.45E-14
lift  burden,1,11,2587659,3473629,5.45E-14
includ  purpl,1,11,2587659,3473629,5.45E-14
recogn  differ,1,11,2587659,3473629,5.45E-14
dairi  industri,1,11,2587659,3473629,5.45E-14
shield  desert,1,11,2587659,3473629,5.45E-14
former  obama,1,11,2587659,3473629,5.45E-14
current  stand,1,11,2587659,3473629,5.45E-14
guy  littl,1,11,2587659,3473629,5.45E-14
integr  charact,1,11,2587659,3473629,5.45E-14
commun  heart,1,11,2587659,3473629,5.45E-14
tireless  ethic,1,11,2587659,3473629,5.45E-14
192  million,1,11,2587659,3473629,5.45E-14
noem  yield,1,11,2587659,3473629,5.45E-14
georgia  loudermilk,1,11,2587659,3473629,5.45E-14
aleutian  island,1,11,2587659,3473629,5.45E-14
pennsylvania  unanim,1,11,2587659,3473629,5.45E-14
devot  themselv,1,11,2587659,3473629,5.45E-14
uss  west,1,11,2587659,3473629,5.45E-14
code  improv,1,11,2587659,3473629,5.45E-14
colleagu  financi,1,11,2587659,3473629,5.45E-14
omaha  nebraska,1,11,2587659,3473629,5.45E-14
oper  manag,1,11,2587659,3473629,5.45E-14
ii  korea,1,11,2587659,3473629,5.45E-14
choic  patient,1,11,2587659,3473629,5.45E-14
accept  outcom,1,11,2587659,3473629,5.45E-14
legisl  filibust,1,11,2587659,3473629,5.45E-14
brave  hero,1,11,2587659,3473629,5.45E-14
step  tax,1,11,2587659,3473629,5.45E-14
laid  senat,1,11,2587659,3473629,5.45E-14
rare  earth,1,11,2587659,3473629,5.45E-14
some  obamacar,1,11,2587659,3473629,5.45E-14
spher  influenc,1,11,2587659,3473629,5.45E-14
act  subject,1,11,2587659,3473629,5.45E-14
tax  season,1,11,2587659,3473629,5.45E-14
titl  game,1,11,2587659,3473629,5.45E-14
due  person,1,11,2587659,3473629,5.45E-14
king  bay,1,11,2587659,3473629,5.45E-14
consum  recogn,1,11,2587659,3473629,5.45E-14
onesizefitsal  regul,1,11,2587659,3473629,5.45E-14
york  faso,1,11,2587659,3473629,5.45E-14
associat  fish,1,11,2587659,3473629,5.45E-14
pass  histor,1,11,2587659,3473629,5.45E-14
paperwork  violat,1,11,2587659,3473629,5.45E-14
divis  provid,1,11,2587659,3473629,5.45E-14
own  possess,1,11,2587659,3473629,5.45E-14
paycheck  job,1,11,2587659,3473629,5.45E-14
louisiana  chair,1,11,2587659,3473629,5.45E-14
office  receiv,1,11,2587659,3473629,5.45E-14
regul  countri,1,11,2587659,3473629,5.45E-14
engin  battalion,1,11,2587659,3473629,5.45E-14
pete  olson,1,11,2587659,3473629,5.45E-14
facilit  sex,1,11,2587659,3473629,5.45E-14
bradi  hous,1,11,2587659,3473629,5.45E-14
minut  postclotur,1,11,2587659,3473629,5.45E-14
militari  dog,1,11,2587659,3473629,5.45E-14
justic  allison,1,11,2587659,3473629,5.45E-14
hanov  park,1,11,2587659,3473629,5.45E-14
bless  texa,1,11,2587659,3473629,5.45E-14
current  attorney,1,11,2587659,3473629,5.45E-14
week  judiciari,1,11,2587659,3473629,5.45E-14
senat  steven,1,11,2587659,3473629,5.45E-14
district  tennesse,1,11,2587659,3473629,5.45E-14
committe  walden,1,11,2587659,3473629,5.45E-14
journal  editori,1,11,2587659,3473629,5.45E-14
amber  alert,1,11,2587659,3473629,5.45E-14
lord  savior,1,11,2587659,3473629,5.45E-14
situat  yemen,1,11,2587659,3473629,5.45E-14
ribbon  award,1,11,2587659,3473629,5.45E-14
guilford  counti,1,11,2587659,3473629,5.45E-14
am  submit,1,11,2587659,3473629,5.45E-14
women  sacrif,1,11,2587659,3473629,5.45E-14
jame  jim,1,11,2587659,3473629,5.45E-14
will  sell,1,11,2587659,3473629,5.45E-14
look  spend,1,11,2587659,3473629,5.45E-14
res  502,1,11,2587659,3473629,5.45E-14
agricultur  commod,1,11,2587659,3473629,5.45E-14
reach  unite,1,11,2587659,3473629,5.45E-14
time  air,1,11,2587659,3473629,5.45E-14
hot  food,1,11,2587659,3473629,5.45E-14
size  govern,1,11,2587659,3473629,5.45E-14
america  agricultur,1,11,2587659,3473629,5.45E-14
strong  endors,1,11,2587659,3473629,5.45E-14
total  tax,1,11,2587659,3473629,5.45E-14
fbi  inform,1,11,2587659,3473629,5.45E-14
bill  obamacar,1,11,2587659,3473629,5.45E-14
pendleton  california,1,11,2587659,3473629,5.45E-14
armi  retir,1,11,2587659,3473629,5.45E-14
immedi  expens,1,11,2587659,3473629,5.45E-14
die  fight,1,11,2587659,3473629,5.45E-14
rise  applaud,1,11,2587659,3473629,5.45E-14
strateg  locat,1,11,2587659,3473629,5.45E-14
complianc  requir,1,11,2587659,3473629,5.45E-14
market  govern,1,11,2587659,3473629,5.45E-14
remain  uninsur,1,11,2587659,3473629,5.45E-14
funer  director,1,11,2587659,3473629,5.45E-14
drugfre  commun,1,11,2587659,3473629,5.45E-14
thank  friendship,1,11,2587659,3473629,5.45E-14
vanderbilt  univers,1,11,2587659,3473629,5.45E-14
order  effici,1,11,2587659,3473629,5.45E-14
carolina  leadership,1,11,2587659,3473629,5.45E-14
told  doctor,1,11,2587659,3473629,5.45E-14
lou  gehrig,1,11,2587659,3473629,5.45E-14
pass  confer,1,11,2587659,3473629,5.45E-14
manufactur  day,1,11,2587659,3473629,5.45E-14
flat  wage,1,11,2587659,3473629,5.45E-14
form  human,1,11,2587659,3473629,5.45E-14
genocid  survivor,1,11,2587659,3473629,5.45E-14
path  balanc,1,11,2587659,3473629,5.45E-14
thank  colonel,1,11,2587659,3473629,5.45E-14
minnesota  school,1,11,2587659,3473629,5.45E-14
degre  agricultur,1,11,2587659,3473629,5.45E-14
norman  norman,1,11,2587659,3473629,5.45E-14
alqaida  terrorist,1,11,2587659,3473629,5.45E-14
decis  decertifi,1,11,2587659,3473629,5.45E-14
behalf  alabama,1,11,2587659,3473629,5.45E-14
carter  chairman,1,11,2587659,3473629,5.45E-14
chairman  duffi,1,11,2587659,3473629,5.45E-14
multilater  institut,1,11,2587659,3473629,5.45E-14
hood  texa,1,11,2587659,3473629,5.45E-14
threat  respond,1,11,2587659,3473629,5.45E-14
resolut  read,1,11,2587659,3473629,5.45E-14
social  medicin,4,43,2587627,3473626,5.43E-14
tax  foundat,7,75,2587595,3473623,5.43E-14
broken  tax,7,75,2587595,3473623,5.43E-14
peac  strength,3,32,2587638,3473627,5.42E-14
person  opinion,3,32,2587638,3473627,5.42E-14
major  regul,3,32,2587638,3473627,5.42E-14
cover  letter,3,32,2587638,3473627,5.42E-14
jackson  counti,3,32,2587638,3473627,5.42E-14
rule  xiv,3,32,2587638,3473627,5.42E-14
tuesday  septemb,3,32,2587638,3473627,5.42E-14
insur  obamacar,8,85,2587585,3473622,5.42E-14
senat  action,15,159,2587511,3473615,5.42E-14
gentleman  indiana,5,53,2587617,3473625,5.42E-14
session  115th,5,53,2587617,3473625,5.42E-14
consider  hous,8,84,2587586,3473622,5.41E-14
legisl  busi,8,84,2587586,3473622,5.41E-14
major  99,2,21,2587649,3473628,5.41E-14
econom  stagnat,2,21,2587649,3473628,5.41E-14
central  washington,2,21,2587649,3473628,5.41E-14
bureaucrat  red,2,21,2587649,3473628,5.41E-14
onesizefitsal  approach,2,21,2587649,3473628,5.41E-14
colleg  pennsylvania,2,21,2587649,3473628,5.41E-14
global  human,2,21,2587649,3473628,5.41E-14
local  defend,2,21,2587649,3473628,5.41E-14
contain  similar,2,21,2587649,3473628,5.41E-14
colorado  fourth,2,21,2587649,3473628,5.41E-14
western  north,2,21,2587649,3473628,5.41E-14
govern  bureaucrat,2,21,2587649,3473628,5.41E-14
iowa  king,2,21,2587649,3473628,5.41E-14
day  prayer,2,21,2587649,3473628,5.41E-14
elimin  mandat,2,21,2587649,3473628,5.41E-14
remark  includ,45,472,2587198,3473585,5.41E-14
unelect  bureaucrat,7,73,2587597,3473623,5.40E-14
legisl  power,3,31,2587639,3473627,5.39E-14
histor  opportun,3,31,2587639,3473627,5.39E-14
hardearn  dollar,3,31,2587639,3473627,5.39E-14
public  author,3,31,2587639,3473627,5.39E-14
continu  pray,3,31,2587639,3473627,5.39E-14
confirm  understand,3,31,2587639,3473627,5.39E-14
50th  wed,3,31,2587639,3473627,5.39E-14
concurr  resolut,7,72,2587598,3473623,5.39E-14
combat  team,7,72,2587598,3473623,5.39E-14
res  3,4,41,2587629,3473626,5.39E-14
record  bill,4,41,2587629,3473626,5.39E-14
nutrit  forestri,4,41,2587629,3473626,5.39E-14
intern  washington,4,41,2587629,3473626,5.39E-14
achiev  wish,4,41,2587629,3473626,5.39E-14
obamacar  plan,5,51,2587619,3473625,5.38E-14
progrowth  tax,5,51,2587619,3473625,5.38E-14
debat  equal,6,61,2587609,3473624,5.38E-14
includ  extran,46,466,2587204,3473584,5.38E-14
rise  memori,11,111,2587559,3473619,5.37E-14
burdensom  regul,6,60,2587610,3473624,5.36E-14
hear  follow,4,40,2587630,3473626,5.36E-14
2017  2,4,40,2587630,3473626,5.36E-14
mandat  penalti,3,30,2587640,3473627,5.36E-14
fairer  tax,3,30,2587640,3473627,5.36E-14
byron  white,3,30,2587640,3473627,5.36E-14
legisl  bench,3,30,2587640,3473627,5.36E-14
servant  heart,2,20,2587650,3473628,5.36E-14
readi  crisi,2,20,2587650,3473628,5.36E-14
freedom  iii,2,20,2587650,3473628,5.36E-14
arkansa  nation,2,20,2587650,3473628,5.36E-14
islam  terror,2,20,2587650,3473628,5.36E-14
allow  week,2,20,2587650,3473628,5.36E-14
pennsylvania  week,2,20,2587650,3473628,5.36E-14
16th  district,2,20,2587650,3473628,5.36E-14
regard  hr,2,20,2587650,3473628,5.36E-14
rise  fall,2,20,2587650,3473628,5.36E-14
alabama  byrn,2,20,2587650,3473628,5.36E-14
time  cook,2,20,2587650,3473628,5.36E-14
air  assault,2,20,2587650,3473628,5.36E-14
senat  jim,2,20,2587650,3473628,5.36E-14
colorado  lamborn,2,20,2587650,3473628,5.36E-14
commod  enduser,2,20,2587650,3473628,5.36E-14
clean  opinion,1,10,2587660,3473629,5.36E-14
singl  adult,1,10,2587660,3473629,5.36E-14
debt  spend,1,10,2587660,3473629,5.36E-14
select  student,1,10,2587660,3473629,5.36E-14
amount  senat,1,10,2587660,3473629,5.36E-14
prior  current,1,10,2587660,3473629,5.36E-14
under  budget,1,10,2587660,3473629,5.36E-14
friendship  center,1,10,2587660,3473629,5.36E-14
nation  send,1,10,2587660,3473629,5.36E-14
restrain  spend,1,10,2587660,3473629,5.36E-14
one  life,1,10,2587660,3473629,5.36E-14
current  congress,1,10,2587660,3473629,5.36E-14
tradit  level,1,10,2587660,3473629,5.36E-14
administr  former,1,10,2587660,3473629,5.36E-14
join  suprem,1,10,2587660,3473629,5.36E-14
matter  fall,1,10,2587660,3473629,5.36E-14
manufactur  nation,1,10,2587660,3473629,5.36E-14
texa  remind,1,10,2587660,3473629,5.36E-14
duplic  feder,1,10,2587660,3473629,5.36E-14
kansa  estes,1,10,2587660,3473629,5.36E-14
time  iowa,1,10,2587660,3473629,5.36E-14
life  recogn,1,10,2587660,3473629,5.36E-14
telephon  townhal,1,10,2587660,3473629,5.36E-14
eden  prairi,1,10,2587660,3473629,5.36E-14
school  navi,1,10,2587660,3473629,5.36E-14
percent  50000,1,10,2587660,3473629,5.36E-14
process  remov,1,10,2587660,3473629,5.36E-14
john  cornyn,1,10,2587660,3473629,5.36E-14
stride  countri,1,10,2587660,3473629,5.36E-14
progress  standard,1,10,2587660,3473629,5.36E-14
home  kansa,1,10,2587660,3473629,5.36E-14
fundament  tax,1,10,2587660,3473629,5.36E-14
washington  examin,1,10,2587660,3473629,5.36E-14
program  va,1,10,2587660,3473629,5.36E-14
committe  team,1,10,2587660,3473629,5.36E-14
god  thank,1,10,2587660,3473629,5.36E-14
capabl  unborn,1,10,2587660,3473629,5.36E-14
floor  lee,1,10,2587660,3473629,5.36E-14
repres  resolv,1,10,2587660,3473629,5.36E-14
commun  wife,1,10,2587660,3473629,5.36E-14
lotteri  winner,1,10,2587660,3473629,5.36E-14
disposit  motion,1,10,2587660,3473629,5.36E-14
busi  understand,1,10,2587660,3473629,5.36E-14
hear  chair,1,10,2587660,3473629,5.36E-14
1130  am,1,10,2587660,3473629,5.36E-14
pennsylvania  perri,1,10,2587660,3473629,5.36E-14
branstad  nomin,1,10,2587660,3473629,5.36E-14
hear  thursday,1,10,2587660,3473629,5.36E-14
continu  collaps,1,10,2587660,3473629,5.36E-14
miner  right,1,10,2587660,3473629,5.36E-14
offic  increas,1,10,2587660,3473629,5.36E-14
helmand  provinc,1,10,2587660,3473629,5.36E-14
thursday  4,1,10,2587660,3473629,5.36E-14
step  achiev,1,10,2587660,3473629,5.36E-14
wednesday  24,1,10,2587660,3473629,5.36E-14
carolina  duncan,1,10,2587660,3473629,5.36E-14
time  delay,1,10,2587660,3473629,5.36E-14
medal  korean,1,10,2587660,3473629,5.36E-14
nevada  heller,1,10,2587660,3473629,5.36E-14
board  restor,1,10,2587660,3473629,5.36E-14
ag  committe,1,10,2587660,3473629,5.36E-14
success  test,1,10,2587660,3473629,5.36E-14
campbel  kentucki,1,10,2587660,3473629,5.36E-14
enforcem  train,1,10,2587660,3473629,5.36E-14
central  indiana,1,10,2587660,3473629,5.36E-14
tru  profession,1,10,2587660,3473629,5.36E-14
hanford  california,1,10,2587660,3473629,5.36E-14
illeg  rule,1,10,2587660,3473629,5.36E-14
2017  averag,1,10,2587660,3473629,5.36E-14
christoph  steel,1,10,2587660,3473629,5.36E-14
affect  budget,1,10,2587660,3473629,5.36E-14
budget  black,1,10,2587660,3473629,5.36E-14
busi  reform,1,10,2587660,3473629,5.36E-14
5000  deduct,1,10,2587660,3473629,5.36E-14
finest  militari,1,10,2587660,3473629,5.36E-14
standard  futur,1,10,2587660,3473629,5.36E-14
legisl  futur,1,10,2587660,3473629,5.36E-14
achiev  dedic,1,10,2587660,3473629,5.36E-14
famili  kentucki,1,10,2587660,3473629,5.36E-14
distinguish  graduat,1,10,2587660,3473629,5.36E-14
militari  affair,1,10,2587660,3473629,5.36E-14
power  branch,1,10,2587660,3473629,5.36E-14
regul  control,1,10,2587660,3473629,5.36E-14
right  lawabid,1,10,2587660,3473629,5.36E-14
incom  4000,1,10,2587660,3473629,5.36E-14
crystal  lake,1,10,2587660,3473629,5.36E-14
unleash  american,1,10,2587660,3473629,5.36E-14
month  pregnanc,1,10,2587660,3473629,5.36E-14
creat  obamacar,1,10,2587660,3473629,5.36E-14
serv  legaci,1,10,2587660,3473629,5.36E-14
consult  rank,1,10,2587660,3473629,5.36E-14
job  engin,1,10,2587660,3473629,5.36E-14
export  terror,1,10,2587660,3473629,5.36E-14
repe  obamacar,1,10,2587660,3473629,5.36E-14
obamacar  countri,1,10,2587660,3473629,5.36E-14
hero  countri,1,10,2587660,3473629,5.36E-14
depart  tell,1,10,2587660,3473629,5.36E-14
polici  obamacar,1,10,2587660,3473629,5.36E-14
nation  emergenc,1,10,2587660,3473629,5.36E-14
lowperform  school,1,10,2587660,3473629,5.36E-14
today  tax,1,10,2587660,3473629,5.36E-14
carolina  burr,1,10,2587660,3473629,5.36E-14
hardship  exempt,1,10,2587660,3473629,5.36E-14
okinawa  japan,1,10,2587660,3473629,5.36E-14
code  mean,1,10,2587660,3473629,5.36E-14
mater  univers,1,10,2587660,3473629,5.36E-14
counti  arizona,1,10,2587660,3473629,5.36E-14
enlo  dam,1,10,2587660,3473629,5.36E-14
futur  adventur,1,10,2587660,3473629,5.36E-14
women  volunt,1,10,2587660,3473629,5.36E-14
test  reactor,1,10,2587660,3473629,5.36E-14
burden  govern,1,10,2587660,3473629,5.36E-14
fund  transpar,1,10,2587660,3473629,5.36E-14
actual  deal,1,10,2587660,3473629,5.36E-14
acquisit  author,1,10,2587660,3473629,5.36E-14
footbal  championship,1,10,2587660,3473629,5.36E-14
victim  compens,1,10,2587660,3473629,5.36E-14
allow  hardwork,1,10,2587660,3473629,5.36E-14
congratul  nation,1,10,2587660,3473629,5.36E-14
bank  gotten,1,10,2587660,3473629,5.36E-14
competit  environ,1,10,2587660,3473629,5.36E-14
lowest  tax,1,10,2587660,3473629,5.36E-14
allow  meet,1,10,2587660,3473629,5.36E-14
jurisdict  includ,1,10,2587660,3473629,5.36E-14
bell  whistl,1,10,2587660,3473629,5.36E-14
wage  opportun,1,10,2587660,3473629,5.36E-14
support  respect,1,10,2587660,3473629,5.36E-14
provid  maximum,1,10,2587660,3473629,5.36E-14
florida  congression,1,10,2587660,3473629,5.36E-14
obamacar  famili,1,10,2587660,3473629,5.36E-14
safer  program,1,10,2587660,3473629,5.36E-14
requir  clotur,1,10,2587660,3473629,5.36E-14
colorado  unite,1,10,2587660,3473629,5.36E-14
friend  sixth,1,10,2587660,3473629,5.36E-14
janet  napolitano,1,10,2587660,3473629,5.36E-14
dr  smith,1,10,2587660,3473629,5.36E-14
eastern  plain,1,10,2587660,3473629,5.36E-14
19th  congression,1,10,2587660,3473629,5.36E-14
2500  famili,1,10,2587660,3473629,5.36E-14
obamacar  brought,1,10,2587660,3473629,5.36E-14
ribbon  oversea,1,10,2587660,3473629,5.36E-14
occur  2,1,10,2587660,3473629,5.36E-14
talent  athlet,1,10,2587660,3473629,5.36E-14
familysustain  job,1,10,2587660,3473629,5.36E-14
obamacar  reason,1,10,2587660,3473629,5.36E-14
junior  leagu,1,10,2587660,3473629,5.36E-14
act  tra,1,10,2587660,3473629,5.36E-14
quo  unsustain,1,10,2587660,3473629,5.36E-14
countri  repay,1,10,2587660,3473629,5.36E-14
wild  turkey,1,10,2587660,3473629,5.36E-14
appoint  mueller,1,10,2587660,3473629,5.36E-14
preserv  evid,1,10,2587660,3473629,5.36E-14
girl  track,1,10,2587660,3473629,5.36E-14
regulatori  structur,1,10,2587660,3473629,5.36E-14
earn  distinguish,1,10,2587660,3473629,5.36E-14
alabama  strang,1,10,2587660,3473629,5.36E-14
battalion  3rd,1,10,2587660,3473629,5.36E-14
lotteri  program,1,10,2587660,3473629,5.36E-14
bench  reveal,1,10,2587660,3473629,5.36E-14
elect  branch,1,10,2587660,3473629,5.36E-14
star  global,1,10,2587660,3473629,5.36E-14
baghdad  iraq,1,10,2587660,3473629,5.36E-14
virginia  assistant,1,10,2587660,3473629,5.36E-14
includ  distinguish,1,10,2587660,3473629,5.36E-14
12000  deduct,1,10,2587660,3473629,5.36E-14
feder  bar,1,10,2587660,3473629,5.36E-14
provis  committe,1,10,2587660,3473629,5.36E-14
regim  2nd,1,10,2587660,3473629,5.36E-14
congressionalexecut  commiss,1,10,2587660,3473629,5.36E-14
tennesse  black,1,10,2587660,3473629,5.36E-14
tuitionfre  educ,1,10,2587660,3473629,5.36E-14
offic  servic,1,10,2587660,3473629,5.36E-14
undo  harm,1,10,2587660,3473629,5.36E-14
boost  job,1,10,2587660,3473629,5.36E-14
cash  wage,1,10,2587660,3473629,5.36E-14
council  disabl,1,10,2587660,3473629,5.36E-14
chairman  commiss,1,10,2587660,3473629,5.36E-14
advanc  test,1,10,2587660,3473629,5.36E-14
alien  deport,1,10,2587660,3473629,5.36E-14
seven  feloni,1,10,2587660,3473629,5.36E-14
fund  terror,1,10,2587660,3473629,5.36E-14
jay  dickey,1,10,2587660,3473629,5.36E-14
nation  novemb,1,10,2587660,3473629,5.36E-14
american  pursu,1,10,2587660,3473629,5.36E-14
level  fiscal,1,10,2587660,3473629,5.36E-14
georgia  talk,1,10,2587660,3473629,5.36E-14
judg  northern,1,10,2587660,3473629,5.36E-14
major  overhaul,1,10,2587660,3473629,5.36E-14
obama  justic,1,10,2587660,3473629,5.36E-14
told  associat,1,10,2587660,3473629,5.36E-14
countri  commend,1,10,2587660,3473629,5.36E-14
suffer  diseas,1,10,2587660,3473629,5.36E-14
stanley  russ,1,10,2587660,3473629,5.36E-14
argum  democrat,1,10,2587660,3473629,5.36E-14
massiv  expans,1,10,2587660,3473629,5.36E-14
christian  life,1,10,2587660,3473629,5.36E-14
spring  hill,1,10,2587660,3473629,5.36E-14
famili  24000,1,10,2587660,3473629,5.36E-14
liber  judg,1,10,2587660,3473629,5.36E-14
cost  mandat,1,10,2587660,3473629,5.36E-14
trade  opportun,1,10,2587660,3473629,5.36E-14
record  cost,1,10,2587660,3473629,5.36E-14
promis  elect,1,10,2587660,3473629,5.36E-14
recogn  conclus,1,10,2587660,3473629,5.36E-14
harper  rise,1,10,2587660,3473629,5.36E-14
blu  star,1,10,2587660,3473629,5.36E-14
heavyhand  regul,1,10,2587660,3473629,5.36E-14
texa  associat,1,10,2587660,3473629,5.36E-14
million  legal,1,10,2587660,3473629,5.36E-14
woodland  school,1,10,2587660,3473629,5.36E-14
provid  love,1,10,2587660,3473629,5.36E-14
burden  impos,1,10,2587660,3473629,5.36E-14
opportun  prosper,1,10,2587660,3473629,5.36E-14
fisa  warrant,1,10,2587660,3473629,5.36E-14
choos  lower,1,10,2587660,3473629,5.36E-14
hear  tuesday,1,10,2587660,3473629,5.36E-14
remark  senat,21,208,2587462,3473609,5.36E-14
intellig  senat,5,49,2587621,3473625,5.35E-14
singlepay  system,4,39,2587631,3473626,5.34E-14
women  blu,3,29,2587641,3473627,5.33E-14
rate  busi,8,77,2587593,3473622,5.33E-14
improvis  explos,5,48,2587622,3473625,5.33E-14
close  final,5,48,2587622,3473625,5.33E-14
direct  committe,9,86,2587584,3473621,5.32E-14
resili  feder,6,57,2587613,3473624,5.32E-14
justic  eid,6,57,2587613,3473624,5.32E-14
shenandoah  valley,4,38,2587632,3473626,5.32E-14
south  bend,2,19,2587651,3473628,5.32E-14
remark  count,2,19,2587651,3473628,5.32E-14
team  job,2,19,2587651,3473628,5.32E-14
jim  matti,2,19,2587651,3473628,5.32E-14
afford  energi,2,19,2587651,3473628,5.32E-14
confirm  tenth,2,19,2587651,3473628,5.32E-14
scout  rank,2,19,2587651,3473628,5.32E-14
week  complet,2,19,2587651,3473628,5.32E-14
counti  unite,2,19,2587651,3473628,5.32E-14
taxwrit  committe,2,19,2587651,3473628,5.32E-14
employe  health,2,19,2587651,3473628,5.32E-14
dedic  persever,2,19,2587651,3473628,5.32E-14
abil  grow,2,19,2587651,3473628,5.32E-14
rice  south,2,19,2587651,3473628,5.32E-14
northeast  florida,2,19,2587651,3473628,5.32E-14
georgia  reserv,2,19,2587651,3473628,5.32E-14
rais  troop,2,19,2587651,3473628,5.32E-14
mainstream  jurist,2,19,2587651,3473628,5.32E-14
pennsylvania  madam,2,19,2587651,3473628,5.32E-14
jeb  hensarl,2,19,2587651,3473628,5.32E-14
drug  cartel,13,123,2587547,3473617,5.31E-14
support  hj,7,66,2587604,3473623,5.31E-14
gentleman  arkansa,5,47,2587623,3473625,5.31E-14
emin  qualifi,5,47,2587623,3473625,5.31E-14
amend  titl,8,75,2587595,3473622,5.30E-14
health  save,14,131,2587539,3473616,5.30E-14
obamacar  insur,9,84,2587586,3473621,5.30E-14
bill  desk,3,28,2587642,3473627,5.30E-14
tuesday  decemb,3,28,2587642,3473627,5.30E-14
senat  sullivan,3,28,2587642,3473627,5.30E-14
wednesday  juli,3,28,2587642,3473627,5.30E-14
obamacar  healthcar,3,28,2587642,3473627,5.30E-14
write  concern,4,37,2587633,3473626,5.29E-14
legisl  session,16,144,2587526,3473614,5.26E-14
chairman  financi,5,45,2587625,3473625,5.26E-14
12  appropri,5,45,2587625,3473625,5.26E-14
proper  role,5,45,2587625,3473625,5.26E-14
12  noon,4,36,2587634,3473626,5.26E-14
reform  medicaid,4,36,2587634,3473626,5.26E-14
regul  base,3,27,2587643,3473627,5.26E-14
undo  damag,3,27,2587643,3473627,5.26E-14
fort  jackson,3,27,2587643,3473627,5.26E-14
continu  lose,2,18,2587652,3473628,5.26E-14
simpli  unsustain,2,18,2587652,3473628,5.26E-14
time  deliv,2,18,2587652,3473628,5.26E-14
gentleman  utah,2,18,2587652,3473628,5.26E-14
proce  hj,2,18,2587652,3473628,5.26E-14
rape  victim,2,18,2587652,3473628,5.26E-14
option  choos,2,18,2587652,3473628,5.26E-14
internat  competit,2,18,2587652,3473628,5.26E-14
blacklist  rule,2,18,2587652,3473628,5.26E-14
result  obamacar,2,18,2587652,3473628,5.26E-14
water  bank,2,18,2587652,3473628,5.26E-14
law  mandat,2,18,2587652,3473628,5.26E-14
committe  name,2,18,2587652,3473628,5.26E-14
pray  god,2,18,2587652,3473628,5.26E-14
regulatori  complianc,2,18,2587652,3473628,5.26E-14
resolut  submit,2,18,2587652,3473628,5.26E-14
pay  cash,2,18,2587652,3473628,5.26E-14
gratitud  owe,2,18,2587652,3473628,5.26E-14
option  choic,2,18,2587652,3473628,5.26E-14
famili  coach,2,18,2587652,3473628,5.26E-14
vote  postpon,2,18,2587652,3473628,5.26E-14
hand  crimin,2,18,2587652,3473628,5.26E-14
illeg  countri,2,18,2587652,3473628,5.26E-14
affair  washington,2,18,2587652,3473628,5.26E-14
am  legisl,2,18,2587652,3473628,5.26E-14
session  receiv,2,18,2587652,3473628,5.26E-14
peopl  kentucki,2,18,2587652,3473628,5.26E-14
unite  seven,1,9,2587661,3473629,5.26E-14
american  chemistri,1,9,2587661,3473629,5.26E-14
hispan  busi,1,9,2587661,3473629,5.26E-14
test  rape,1,9,2587661,3473629,5.26E-14
recess  215,1,9,2587661,3473629,5.26E-14
catastroph  plan,1,9,2587661,3473629,5.26E-14
courag  braveri,1,9,2587661,3473629,5.26E-14
ranch  hand,1,9,2587661,3473629,5.26E-14
iowa  honor,1,9,2587661,3473629,5.26E-14
access  mortgag,1,9,2587661,3473629,5.26E-14
arizona  thank,1,9,2587661,3473629,5.26E-14
1430  honest,1,9,2587661,3473629,5.26E-14
distinguish  financi,1,9,2587661,3473629,5.26E-14
modern  nation,1,9,2587661,3473629,5.26E-14
subcommitte  econom,1,9,2587661,3473629,5.26E-14
live  unborn,1,9,2587661,3473629,5.26E-14
budget  enforc,1,9,2587661,3473629,5.26E-14
athlet  success,1,9,2587661,3473629,5.26E-14
constitu  selfless,1,9,2587661,3473629,5.26E-14
biggest  reason,1,9,2587661,3473629,5.26E-14
protect  erisa,1,9,2587661,3473629,5.26E-14
process  effect,1,9,2587661,3473629,5.26E-14
govern  grow,1,9,2587661,3473629,5.26E-14
fail  program,1,9,2587661,3473629,5.26E-14
leader  consult,1,9,2587661,3473629,5.26E-14
confid  judg,1,9,2587661,3473629,5.26E-14
rigor  competit,1,9,2587661,3473629,5.26E-14
nfip  polici,1,9,2587661,3473629,5.26E-14
class  pfc,1,9,2587661,3473629,5.26E-14
polici  enhancem,1,9,2587661,3473629,5.26E-14
author  friend,1,9,2587661,3473629,5.26E-14
includ  copi,1,9,2587661,3473629,5.26E-14
chang  privaci,1,9,2587661,3473629,5.26E-14
unyield  dedic,1,9,2587661,3473629,5.26E-14
alqaida  affili,1,9,2587661,3473629,5.26E-14
fccs  privaci,1,9,2587661,3473629,5.26E-14
father  mind,1,9,2587661,3473629,5.26E-14
drug  illeg,1,9,2587661,3473629,5.26E-14
consent  joint,1,9,2587661,3473629,5.26E-14
growth  allow,1,9,2587661,3473629,5.26E-14
promis  reduc,1,9,2587661,3473629,5.26E-14
conserv  am,1,9,2587661,3473629,5.26E-14
clinton  nomine,1,9,2587661,3473629,5.26E-14
tell  busi,1,9,2587661,3473629,5.26E-14
affair  veteran,1,9,2587661,3473629,5.26E-14
navi  sailor,1,9,2587661,3473629,5.26E-14
12000  24000,1,9,2587661,3473629,5.26E-14
freedom  award,1,9,2587661,3473629,5.26E-14
consult  committe,1,9,2587661,3473629,5.26E-14
fundament  reform,1,9,2587661,3473629,5.26E-14
combat  deploy,1,9,2587661,3473629,5.26E-14
failur  affordabl,1,9,2587661,3473629,5.26E-14
look  guy,1,9,2587661,3473629,5.26E-14
student  creat,1,9,2587661,3473629,5.26E-14
commun  husband,1,9,2587661,3473629,5.26E-14
prohibit  secretari,1,9,2587661,3473629,5.26E-14
antihuman  traffick,1,9,2587661,3473629,5.26E-14
rescu  squad,1,9,2587661,3473629,5.26E-14
world  record,1,9,2587661,3473629,5.26E-14
republ  iran,1,9,2587661,3473629,5.26E-14
accept  appoint,1,9,2587661,3473629,5.26E-14
nation  cattlemen,1,9,2587661,3473629,5.26E-14
hardwork  financi,1,9,2587661,3473629,5.26E-14
opinion  piec,1,9,2587661,3473629,5.26E-14
doubl  coverag,1,9,2587661,3473629,5.26E-14
rule  addit,1,9,2587661,3473629,5.26E-14
oner  rule,1,9,2587661,3473629,5.26E-14
american  pick,1,9,2587661,3473629,5.26E-14
committe  roe,1,9,2587661,3473629,5.26E-14
bodi  care,1,9,2587661,3473629,5.26E-14
nomin  outstand,1,9,2587661,3473629,5.26E-14
brevard  counti,1,9,2587661,3473629,5.26E-14
cancer  drug,1,9,2587661,3473629,5.26E-14
civic  philanthrop,1,9,2587661,3473629,5.26E-14
smart  regul,1,9,2587661,3473629,5.26E-14
cultur  va,1,9,2587661,3473629,5.26E-14
lose  commun,1,9,2587661,3473629,5.26E-14
birthday  thank,1,9,2587661,3473629,5.26E-14
adopt  chairman,1,9,2587661,3473629,5.26E-14
confirm  day,1,9,2587661,3473629,5.26E-14
stand  elect,1,9,2587661,3473629,5.26E-14
quorum  blunt,1,9,2587661,3473629,5.26E-14
defens  committe,1,9,2587661,3473629,5.26E-14
congratul  bob,1,9,2587661,3473629,5.26E-14
illeg  commit,1,9,2587661,3473629,5.26E-14
fort  stewart,1,9,2587661,3473629,5.26E-14
teacher  evalu,1,9,2587661,3473629,5.26E-14
gorsuch  continu,1,9,2587661,3473629,5.26E-14
tom  mcclintock,1,9,2587661,3473629,5.26E-14
penni  plan,1,9,2587661,3473629,5.26E-14
folk  district,1,9,2587661,3473629,5.26E-14
move  houston,1,9,2587661,3473629,5.26E-14
pennsylvania  move,1,9,2587661,3473629,5.26E-14
manag  money,1,9,2587661,3473629,5.26E-14
teach  jesus,1,9,2587661,3473629,5.26E-14
local  district,1,9,2587661,3473629,5.26E-14
tape  prevent,1,9,2587661,3473629,5.26E-14
honor  armi,1,9,2587661,3473629,5.26E-14
begin  farmer,1,9,2587661,3473629,5.26E-14
technol  innovat,1,9,2587661,3473629,5.26E-14
bill  alloc,1,9,2587661,3473629,5.26E-14
longterm  strategi,1,9,2587661,3473629,5.26E-14
student  choos,1,9,2587661,3473629,5.26E-14
valu  central,1,9,2587661,3473629,5.26E-14
disast  program,1,9,2587661,3473629,5.26E-14
author  chairman,1,9,2587661,3473629,5.26E-14
solid  bill,1,9,2587661,3473629,5.26E-14
opportun  confirm,1,9,2587661,3473629,5.26E-14
american  blood,1,9,2587661,3473629,5.26E-14
deliv  mail,1,9,2587661,3473629,5.26E-14
spend  do,1,9,2587661,3473629,5.26E-14
flag  fli,1,9,2587661,3473629,5.26E-14
judici  legisl,1,9,2587661,3473629,5.26E-14
administr  regulatori,1,9,2587661,3473629,5.26E-14
unpreced  action,1,9,2587661,3473629,5.26E-14
consum  instead,1,9,2587661,3473629,5.26E-14
women  give,1,9,2587661,3473629,5.26E-14
step  allow,1,9,2587661,3473629,5.26E-14
hood  river,1,9,2587661,3473629,5.26E-14
tuesday  9,1,9,2587661,3473629,5.26E-14
filibust  lower,1,9,2587661,3473629,5.26E-14
alaska  author,1,9,2587661,3473629,5.26E-14
current  rank,1,9,2587661,3473629,5.26E-14
commission  natur,1,9,2587661,3473629,5.26E-14
princip  william,1,9,2587661,3473629,5.26E-14
award  creat,1,9,2587661,3473629,5.26E-14
foxx  chairman,1,9,2587661,3473629,5.26E-14
res  35,1,9,2587661,3473629,5.26E-14
impress  background,1,9,2587661,3473629,5.26E-14
extra  tax,1,9,2587661,3473629,5.26E-14
troop  presid,1,9,2587661,3473629,5.26E-14
va  schedul,1,9,2587661,3473629,5.26E-14
recogn  scott,1,9,2587661,3473629,5.26E-14
rule  negat,1,9,2587661,3473629,5.26E-14
bring  hope,1,9,2587661,3473629,5.26E-14
minnesota  lewi,1,9,2587661,3473629,5.26E-14
insuranc  subcommitte,1,9,2587661,3473629,5.26E-14
hon  edward,1,9,2587661,3473629,5.26E-14
washington  mcmorri,1,9,2587661,3473629,5.26E-14
deserv  relief,1,9,2587661,3473629,5.26E-14
congratul  colonel,1,9,2587661,3473629,5.26E-14
futur  athlet,1,9,2587661,3473629,5.26E-14
thank  unite,1,9,2587661,3473629,5.26E-14
chose  serv,1,9,2587661,3473629,5.26E-14
die  servic,1,9,2587661,3473629,5.26E-14
time  mourn,1,9,2587661,3473629,5.26E-14
rank  boy,1,9,2587661,3473629,5.26E-14
obamacar  wors,1,9,2587661,3473629,5.26E-14
patriot  guard,1,9,2587661,3473629,5.26E-14
louisiana  scalis,1,9,2587661,3473629,5.26E-14
rank  third,1,9,2587661,3473629,5.26E-14
chief  joint,1,9,2587661,3473629,5.26E-14
free  countri,1,9,2587661,3473629,5.26E-14
govern  prove,1,9,2587661,3473629,5.26E-14
option  competit,1,9,2587661,3473629,5.26E-14
busi  death,1,9,2587661,3473629,5.26E-14
carri  lesson,1,9,2587661,3473629,5.26E-14
cognit  declin,1,9,2587661,3473629,5.26E-14
charact  tempera,1,9,2587661,3473629,5.26E-14
mueller  fbi,1,9,2587661,3473629,5.26E-14
sign  commit,1,9,2587661,3473629,5.26E-14
fair  order,1,9,2587661,3473629,5.26E-14
identifi  assess,1,9,2587661,3473629,5.26E-14
action  forget,1,9,2587661,3473629,5.26E-14
pearland  polic,1,9,2587661,3473629,5.26E-14
impos  american,1,9,2587661,3473629,5.26E-14
congratul  school,1,9,2587661,3473629,5.26E-14
continu  prayer,1,9,2587661,3473629,5.26E-14
counti  museum,1,9,2587661,3473629,5.26E-14
veteran  fiduciari,1,9,2587661,3473629,5.26E-14
govern  pick,1,9,2587661,3473629,5.26E-14
skill  earn,1,9,2587661,3473629,5.26E-14
true  potenti,1,9,2587661,3473629,5.26E-14
walli  hous,1,9,2587661,3473629,5.26E-14
judg  play,1,9,2587661,3473629,5.26E-14
achiev  futur,1,9,2587661,3473629,5.26E-14
infantri  brigad,1,9,2587661,3473629,5.26E-14
announc  pull,1,9,2587661,3473629,5.26E-14
terror  memori,1,9,2587661,3473629,5.26E-14
path  sustain,1,9,2587661,3473629,5.26E-14
mississippi  am,1,9,2587661,3473629,5.26E-14
colorado  farm,1,9,2587661,3473629,5.26E-14
aisl  opportun,1,9,2587661,3473629,5.26E-14
tradit  filibust,1,9,2587661,3473629,5.26E-14
militari  site,1,9,2587661,3473629,5.26E-14
requir  approv,1,9,2587661,3473629,5.26E-14
reent  unite,1,9,2587661,3473629,5.26E-14
clinton  call,1,9,2587661,3473629,5.26E-14
retire  famili,1,9,2587661,3473629,5.26E-14
issu  fall,1,9,2587661,3473629,5.26E-14
drug  interdict,1,9,2587661,3473629,5.26E-14
argu  judg,1,9,2587661,3473629,5.26E-14
river  reserv,1,9,2587661,3473629,5.26E-14
iowa  iowa,1,9,2587661,3473629,5.26E-14
hire  offic,1,9,2587661,3473629,5.26E-14
pennsylvania  associat,1,9,2587661,3473629,5.26E-14
carolina  lost,1,9,2587661,3473629,5.26E-14
texa  granger,1,9,2587661,3473629,5.26E-14
land  subcommitte,1,9,2587661,3473629,5.26E-14
compassion  peopl,1,9,2587661,3473629,5.26E-14
recogn  govern,1,9,2587661,3473629,5.26E-14
fli  hour,1,9,2587661,3473629,5.26E-14
gener  servic,1,9,2587661,3473629,5.26E-14
util  congression,1,9,2587661,3473629,5.26E-14
aisl  simpli,1,9,2587661,3473629,5.26E-14
acosta  nomin,1,9,2587661,3473629,5.26E-14
14yearold  girl,1,9,2587661,3473629,5.26E-14
wish  ahead,1,9,2587661,3473629,5.26E-14
nomin  voic,1,9,2587661,3473629,5.26E-14
admir  servic,1,9,2587661,3473629,5.26E-14
jesus  love,1,9,2587661,3473629,5.26E-14
thank  love,1,9,2587661,3473629,5.26E-14
child  credit,1,9,2587661,3473629,5.26E-14
posit  reform,1,9,2587661,3473629,5.26E-14
form  lower,1,9,2587661,3473629,5.26E-14
steinl  famili,1,9,2587661,3473629,5.26E-14
tortur  kill,1,9,2587661,3473629,5.26E-14
histori  athlet,1,9,2587661,3473629,5.26E-14
parol  violat,1,9,2587661,3473629,5.26E-14
championship  wish,1,9,2587661,3473629,5.26E-14
code  actual,1,9,2587661,3473629,5.26E-14
rais  cattl,1,9,2587661,3473629,5.26E-14
region  bank,1,9,2587661,3473629,5.26E-14
kentucki  countri,1,9,2587661,3473629,5.26E-14
degre  columbia,1,9,2587661,3473629,5.26E-14
dakota  noem,1,9,2587661,3473629,5.26E-14
choic  individu,1,9,2587661,3473629,5.26E-14
swift  confirm,1,9,2587661,3473629,5.26E-14
85  senat,1,9,2587661,3473629,5.26E-14
capabl  deliv,1,9,2587661,3473629,5.26E-14
iraq  iran,1,9,2587661,3473629,5.26E-14
dr  bob,1,9,2587661,3473629,5.26E-14
fine  committe,1,9,2587661,3473629,5.26E-14
oper  expand,1,9,2587661,3473629,5.26E-14
sagamor  wabash,1,9,2587661,3473629,5.26E-14
code  30,1,9,2587661,3473629,5.26E-14
outstand  teacher,1,9,2587661,3473629,5.26E-14
futur  physician,1,9,2587661,3473629,5.26E-14
congratul  women,1,9,2587661,3473629,5.26E-14
retir  dedic,1,9,2587661,3473629,5.26E-14
kind  compass,1,9,2587661,3473629,5.26E-14
competit  peopl,1,9,2587661,3473629,5.26E-14
gullah  geeche,1,9,2587661,3473629,5.26E-14
wound  sustain,1,9,2587661,3473629,5.26E-14
scalia  suprem,1,9,2587661,3473629,5.26E-14
process  water,1,9,2587661,3473629,5.26E-14
rate  unanim,1,9,2587661,3473629,5.26E-14
role  advoc,1,9,2587661,3473629,5.26E-14
remov  incent,1,9,2587661,3473629,5.26E-14
soldier  fort,1,9,2587661,3473629,5.26E-14
bring  relief,10,89,2587581,3473620,5.25E-14
fre  enterpris,7,62,2587608,3473623,5.25E-14
takehom  pay,11,97,2587573,3473619,5.24E-14
committe  foreign,25,220,2587450,3473605,5.24E-14
tennesse  chairman,4,35,2587635,3473626,5.23E-14
friend  left,4,35,2587635,3473626,5.23E-14
probat  officer,7,61,2587609,3473623,5.23E-14
reform  busi,3,26,2587644,3473627,5.22E-14
govern  overreach,3,26,2587644,3473627,5.22E-14
build  washington,3,26,2587644,3473627,5.22E-14
debat  motion,3,26,2587644,3473627,5.22E-14
chosen  career,3,26,2587644,3473627,5.22E-14
close  reserv,3,26,2587644,3473627,5.22E-14
nation  rememb,3,26,2587644,3473627,5.22E-14
judg  legisl,3,26,2587644,3473627,5.22E-14
global  war,19,164,2587506,3473611,5.22E-14
western  district,5,43,2587627,3473625,5.22E-14
st  cloud,5,43,2587627,3473625,5.22E-14
strong  continu,5,43,2587627,3473625,5.22E-14
commerc  scienc,12,102,2587568,3473618,5.20E-14
scienc  transport,12,102,2587568,3473618,5.20E-14
western  civiliz,4,34,2587636,3473626,5.20E-14
strong  record,2,17,2587653,3473628,5.20E-14
time  recess,2,17,2587653,3473628,5.20E-14
credit  2000,2,17,2587653,3473628,5.20E-14
money  paycheck,2,17,2587653,3473628,5.20E-14
home  arizona,2,17,2587653,3473628,5.20E-14
texa  pass,2,17,2587653,3473628,5.20E-14
bless  live,2,17,2587653,3473628,5.20E-14
hensarl  chairman,2,17,2587653,3473628,5.20E-14
6000  deduct,2,17,2587653,3473628,5.20E-14
condemn  israel,2,17,2587653,3473628,5.20E-14
subcommitte  middl,2,17,2587653,3473628,5.20E-14
fight  enemi,2,17,2587653,3473628,5.20E-14
mandat  american,2,17,2587653,3473628,5.20E-14
travel  district,2,17,2587653,3473628,5.20E-14
tru  testam,2,17,2587653,3473628,5.20E-14
committe  arm,2,17,2587653,3473628,5.20E-14
regulatori  decis,2,17,2587653,3473628,5.20E-14
level  budget,2,17,2587653,3473628,5.20E-14
broadband  deploy,2,17,2587653,3473628,5.20E-14
store  water,2,17,2587653,3473628,5.20E-14
increas  paycheck,2,17,2587653,3473628,5.20E-14
michigan  visit,2,17,2587653,3473628,5.20E-14
internat  system,2,17,2587653,3473628,5.20E-14
obamacar  caus,2,17,2587653,3473628,5.20E-14
utah  chairman,2,17,2587653,3473628,5.20E-14
rogu  regim,2,17,2587653,3473628,5.20E-14
studi  polit,2,17,2587653,3473628,5.20E-14
floor  recogn,2,17,2587653,3473628,5.20E-14
budget  law,2,17,2587653,3473628,5.20E-14
florida  highway,2,17,2587653,3473628,5.20E-14
indiana  thank,2,17,2587653,3473628,5.20E-14
presid  immedi,18,152,2587518,3473612,5.20E-14
veteran  commend,5,42,2587628,3473625,5.19E-14
pennsylvania  chairman,5,42,2587628,3473625,5.19E-14
own  studi,3,25,2587645,3473627,5.18E-14
bilater  trade,3,25,2587645,3473627,5.18E-14
counti  kentucki,3,25,2587645,3473627,5.18E-14
2936  resili,3,25,2587645,3473627,5.18E-14
presid  8,3,25,2587645,3473627,5.18E-14
median  famili,3,25,2587645,3473627,5.18E-14
job  act,29,241,2587429,3473601,5.18E-14
public  busi,4,33,2587637,3473626,5.17E-14
senat  georgia,9,74,2587596,3473621,5.17E-14
replac  obamacar,25,205,2587465,3473605,5.17E-14
govern  mandat,5,41,2587629,3473625,5.17E-14
10th  congression,5,41,2587629,3473625,5.17E-14
gorsuch  serv,6,49,2587621,3473624,5.16E-14
repres  committe,8,64,2587606,3473622,5.14E-14
mandat  tax,7,56,2587614,3473623,5.14E-14
team  continu,5,40,2587630,3473625,5.14E-14
motion  waiv,5,40,2587630,3473625,5.14E-14
congress  30,4,32,2587638,3473626,5.14E-14
govern  tell,4,32,2587638,3473626,5.14E-14
medal  global,4,32,2587638,3473626,5.14E-14
increas  choic,4,32,2587638,3473626,5.14E-14
subcommitte  africa,3,24,2587646,3473627,5.14E-14
thursday  juli,3,24,2587646,3473627,5.14E-14
procedur  hurdl,3,24,2587646,3473627,5.14E-14
congratul  outstand,3,24,2587646,3473627,5.14E-14
team  victori,3,24,2587646,3473627,5.14E-14
judg  suppos,3,24,2587646,3473627,5.14E-14
scout  eagl,2,16,2587654,3473628,5.14E-14
session  unanim,2,16,2587654,3473628,5.14E-14
judg  interpret,2,16,2587654,3473628,5.14E-14
happen  chairman,2,16,2587654,3473628,5.14E-14
forward  get,2,16,2587654,3473628,5.14E-14
countri  difficult,2,16,2587654,3473628,5.14E-14
reform  va,2,16,2587654,3473628,5.14E-14
bradi  mean,2,16,2587654,3473628,5.14E-14
cost  rais,2,16,2587654,3473628,5.14E-14
chant  death,2,16,2587654,3473628,5.14E-14
mississippi  nation,2,16,2587654,3473628,5.14E-14
choos  buy,2,16,2587654,3473628,5.14E-14
omaha  beach,2,16,2587654,3473628,5.14E-14
focus  grow,2,16,2587654,3473628,5.14E-14
cochair  senat,2,16,2587654,3473628,5.14E-14
send  desk,2,16,2587654,3473628,5.14E-14
fall  soviet,2,16,2587654,3473628,5.14E-14
centr  counti,2,16,2587654,3473628,5.14E-14
carolina  foxx,2,16,2587654,3473628,5.14E-14
item  tax,2,16,2587654,3473628,5.14E-14
consum  freedom,2,16,2587654,3473628,5.14E-14
airmen  marin,2,16,2587654,3473628,5.14E-14
alaska  oil,2,16,2587654,3473628,5.14E-14
afford  reliabl,2,16,2587654,3473628,5.14E-14
read  bibl,2,16,2587654,3473628,5.14E-14
free  enterpris,2,16,2587654,3473628,5.14E-14
navig  water,2,16,2587654,3473628,5.14E-14
support  con,2,16,2587654,3473628,5.14E-14
physicianassist  suicid,2,16,2587654,3473628,5.14E-14
yes  under,2,16,2587654,3473628,5.14E-14
albio  sire,2,16,2587654,3473628,5.14E-14
coal  commun,2,16,2587654,3473628,5.14E-14
deduct  skyrocket,2,16,2587654,3473628,5.14E-14
shot  arm,2,16,2587654,3473628,5.14E-14
leonard  wood,2,16,2587654,3473628,5.14E-14
counti  republican,2,16,2587654,3473628,5.14E-14
tax  simpl,2,16,2587654,3473628,5.14E-14
thursday  octob,2,16,2587654,3473628,5.14E-14
stark  counti,2,16,2587654,3473628,5.14E-14
restor  internet,1,8,2587662,3473629,5.14E-14
syria  afghanistan,1,8,2587662,3473629,5.14E-14
outsid  world,1,8,2587662,3473629,5.14E-14
deputi  counsel,1,8,2587662,3473629,5.14E-14
job  south,1,8,2587662,3473629,5.14E-14
five  bipartisan,1,8,2587662,3473629,5.14E-14
unite  regul,1,8,2587662,3473629,5.14E-14
histori  bring,1,8,2587662,3473629,5.14E-14
senat  behalf,1,8,2587662,3473629,5.14E-14
talk  singl,1,8,2587662,3473629,5.14E-14
respect  affect,1,8,2587662,3473629,5.14E-14
section  115,1,8,2587662,3473629,5.14E-14
percent  particip,1,8,2587662,3473629,5.14E-14
list  america,1,8,2587662,3473629,5.14E-14
counti  abl,1,8,2587662,3473629,5.14E-14
bill  frustrat,1,8,2587662,3473629,5.14E-14
2000  feder,1,8,2587662,3473629,5.14E-14
kevin  newsom,1,8,2587662,3473629,5.14E-14
revers  effect,1,8,2587662,3473629,5.14E-14
look  background,1,8,2587662,3473629,5.14E-14
rise  prais,1,8,2587662,3473629,5.14E-14
day  congratul,1,8,2587662,3473629,5.14E-14
obamacar  cut,1,8,2587662,3473629,5.14E-14
coach  led,1,8,2587662,3473629,5.14E-14
capit  murder,1,8,2587662,3473629,5.14E-14
flexibl  design,1,8,2587662,3473629,5.14E-14
pend  nomin,1,8,2587662,3473629,5.14E-14
sustain  healthi,1,8,2587662,3473629,5.14E-14
judici  confirm,1,8,2587662,3473629,5.14E-14
wish  democrat,1,8,2587662,3473629,5.14E-14
york  22nd,1,8,2587662,3473629,5.14E-14
wrestl  championship,1,8,2587662,3473629,5.14E-14
forget  nation,1,8,2587662,3473629,5.14E-14
marburi  v,1,8,2587662,3473629,5.14E-14
posit  action,1,8,2587662,3473629,5.14E-14
tenth  congression,1,8,2587662,3473629,5.14E-14
deputi  whip,1,8,2587662,3473629,5.14E-14
2824  increas,1,8,2587662,3473629,5.14E-14
growth  mean,1,8,2587662,3473629,5.14E-14
ambush  elect,1,8,2587662,3473629,5.14E-14
serv  lord,1,8,2587662,3473629,5.14E-14
agenc  spend,1,8,2587662,3473629,5.14E-14
davisbacon  wage,1,8,2587662,3473629,5.14E-14
eagl  river,1,8,2587662,3473629,5.14E-14
blu  act,1,8,2587662,3473629,5.14E-14
abil  pass,1,8,2587662,3473629,5.14E-14
differ  judg,1,8,2587662,3473629,5.14E-14
babcock  wilcox,1,8,2587662,3473629,5.14E-14
tournam  team,1,8,2587662,3473629,5.14E-14
district  west,1,8,2587662,3473629,5.14E-14
file  joint,1,8,2587662,3473629,5.14E-14
pacif  fleet,1,8,2587662,3473629,5.14E-14
grossli  unfair,1,8,2587662,3473629,5.14E-14
pat  tiberi,1,8,2587662,3473629,5.14E-14
nation  arm,1,8,2587662,3473629,5.14E-14
reform  washington,1,8,2587662,3473629,5.14E-14
debat  appropri,1,8,2587662,3473629,5.14E-14
peopl  compet,1,8,2587662,3473629,5.14E-14
reform  goal,1,8,2587662,3473629,5.14E-14
abus  execut,1,8,2587662,3473629,5.14E-14
oner  tax,1,8,2587662,3473629,5.14E-14
deduct  continu,1,8,2587662,3473629,5.14E-14
john  faso,1,8,2587662,3473629,5.14E-14
interact  constitu,1,8,2587662,3473629,5.14E-14
presid  texa,1,8,2587662,3473629,5.14E-14
famili  combin,1,8,2587662,3473629,5.14E-14
loui  counti,1,8,2587662,3473629,5.14E-14
set  secur,1,8,2587662,3473629,5.14E-14
energi  explor,1,8,2587662,3473629,5.14E-14
tool  job,1,8,2587662,3473629,5.14E-14
congratul  michael,1,8,2587662,3473629,5.14E-14
colleagu  dr,1,8,2587662,3473629,5.14E-14
morri  counti,1,8,2587662,3473629,5.14E-14
critic  action,1,8,2587662,3473629,5.14E-14
investment  subcommitte,1,8,2587662,3473629,5.14E-14
secur  entir,1,8,2587662,3473629,5.14E-14
highperform  comput,1,8,2587662,3473629,5.14E-14
futur  afghanistan,1,8,2587662,3473629,5.14E-14
washington  doesnt,1,8,2587662,3473629,5.14E-14
militari  threat,1,8,2587662,3473629,5.14E-14
abl  am,1,8,2587662,3473629,5.14E-14
chief  legisl,1,8,2587662,3473629,5.14E-14
judg  mean,1,8,2587662,3473629,5.14E-14
effect  obamacar,1,8,2587662,3473629,5.14E-14
cash  hand,1,8,2587662,3473629,5.14E-14
continu  legisl,1,8,2587662,3473629,5.14E-14
spend  control,1,8,2587662,3473629,5.14E-14
market  remain,1,8,2587662,3473629,5.14E-14
bless  veteran,1,8,2587662,3473629,5.14E-14
congratul  recogn,1,8,2587662,3473629,5.14E-14
reform  encourag,1,8,2587662,3473629,5.14E-14
dynam  econom,1,8,2587662,3473629,5.14E-14
recommit  support,1,8,2587662,3473629,5.14E-14
firsthand  challeng,1,8,2587662,3473629,5.14E-14
sergeant  abraham,1,8,2587662,3473629,5.14E-14
accept  normal,1,8,2587662,3473629,5.14E-14
courag  individu,1,8,2587662,3473629,5.14E-14
peter  john,1,8,2587662,3473629,5.14E-14
person  individu,1,8,2587662,3473629,5.14E-14
farm  provid,1,8,2587662,3473629,5.14E-14
discourag  busi,1,8,2587662,3473629,5.14E-14
obamacar  colleagu,1,8,2587662,3473629,5.14E-14
life  sacrific,1,8,2587662,3473629,5.14E-14
florida  unanim,1,8,2587662,3473629,5.14E-14
resourc  alaska,1,8,2587662,3473629,5.14E-14
cbp  commission,1,8,2587662,3473629,5.14E-14
hard  committe,1,8,2587662,3473629,5.14E-14
impos  toughest,1,8,2587662,3473629,5.14E-14
rein  outofcontrol,1,8,2587662,3473629,5.14E-14
southeast  region,1,8,2587662,3473629,5.14E-14
percent  bracket,1,8,2587662,3473629,5.14E-14
judg  doesnt,1,8,2587662,3473629,5.14E-14
carolina  home,1,8,2587662,3473629,5.14E-14
produc  revenu,1,8,2587662,3473629,5.14E-14
stagnant  growth,1,8,2587662,3473629,5.14E-14
kentucki  chair,1,8,2587662,3473629,5.14E-14
influenc  drug,1,8,2587662,3473629,5.14E-14
ahead  look,1,8,2587662,3473629,5.14E-14
optimist  club,1,8,2587662,3473629,5.14E-14
govern  path,1,8,2587662,3473629,5.14E-14
nation  wild,1,8,2587662,3473629,5.14E-14
russian  iranian,1,8,2587662,3473629,5.14E-14
dc  american,1,8,2587662,3473629,5.14E-14
enabl  busi,1,8,2587662,3473629,5.14E-14
share  talent,1,8,2587662,3473629,5.14E-14
regul  congression,1,8,2587662,3473629,5.14E-14
introduc  committe,1,8,2587662,3473629,5.14E-14
report  period,1,8,2587662,3473629,5.14E-14
employ  half,1,8,2587662,3473629,5.14E-14
chairwoman  subcommitte,1,8,2587662,3473629,5.14E-14
gentlewoman  virginia,1,8,2587662,3473629,5.14E-14
perpetu  own,1,8,2587662,3473629,5.14E-14
narrow  network,1,8,2587662,3473629,5.14E-14
paid  penalti,1,8,2587662,3473629,5.14E-14
drive  influenc,1,8,2587662,3473629,5.14E-14
real  damag,1,8,2587662,3473629,5.14E-14
idea  rule,1,8,2587662,3473629,5.14E-14
support  ndaa,1,8,2587662,3473629,5.14E-14
govern  colleagu,1,8,2587662,3473629,5.14E-14
abort  america,1,8,2587662,3473629,5.14E-14
pipelin  infrastructur,1,8,2587662,3473629,5.14E-14
gainesvill  georgia,1,8,2587662,3473629,5.14E-14
cap  tremend,1,8,2587662,3473629,5.14E-14
found  section,1,8,2587662,3473629,5.14E-14
desk  soon,1,8,2587662,3473629,5.14E-14
associat  servic,1,8,2587662,3473629,5.14E-14
remain  insur,1,8,2587662,3473629,5.14E-14
regain  public,1,8,2587662,3473629,5.14E-14
forc  receiv,1,8,2587662,3473629,5.14E-14
springfield  illinoi,1,8,2587662,3473629,5.14E-14
children  12,1,8,2587662,3473629,5.14E-14
spend  congress,1,8,2587662,3473629,5.14E-14
competit  corpor,1,8,2587662,3473629,5.14E-14
bankrupt  countri,1,8,2587662,3473629,5.14E-14
start  understand,1,8,2587662,3473629,5.14E-14
economi  path,1,8,2587662,3473629,5.14E-14
rang  threat,1,8,2587662,3473629,5.14E-14
clair  mccaskil,1,8,2587662,3473629,5.14E-14
contribut  legisl,1,8,2587662,3473629,5.14E-14
subcommitte  monetari,1,8,2587662,3473629,5.14E-14
proud  remark,1,8,2587662,3473629,5.14E-14
israel  map,1,8,2587662,3473629,5.14E-14
properti  taxpay,1,8,2587662,3473629,5.14E-14
medicin  cabinet,1,8,2587662,3473629,5.14E-14
code  increas,1,8,2587662,3473629,5.14E-14
legisl  activ,1,8,2587662,3473629,5.14E-14
interior  land,1,8,2587662,3473629,5.14E-14
do  diminish,1,8,2587662,3473629,5.14E-14
learn  languag,1,8,2587662,3473629,5.14E-14
save  six,1,8,2587662,3473629,5.14E-14
kind  job,1,8,2587662,3473629,5.14E-14
servic  achiev,1,8,2587662,3473629,5.14E-14
vineyard  wineri,1,8,2587662,3473629,5.14E-14
allow  water,1,8,2587662,3473629,5.14E-14
traffick  protect,1,8,2587662,3473629,5.14E-14
repres  burgess,1,8,2587662,3473629,5.14E-14
abil  project,1,8,2587662,3473629,5.14E-14
final  deliv,1,8,2587662,3473629,5.14E-14
res  311,1,8,2587662,3473629,5.14E-14
call  clotur,1,8,2587662,3473629,5.14E-14
infantri  badg,1,8,2587662,3473629,5.14E-14
committe  bradi,1,8,2587662,3473629,5.14E-14
focus  core,1,8,2587662,3473629,5.14E-14
class  2014,1,8,2587662,3473629,5.14E-14
florida  cattlemen,1,8,2587662,3473629,5.14E-14
irs  whistleblow,1,8,2587662,3473629,5.14E-14
exampl  washington,1,8,2587662,3473629,5.14E-14
associat  profession,1,8,2587662,3473629,5.14E-14
world  obama,1,8,2587662,3473629,5.14E-14
patrick  shanahan,1,8,2587662,3473629,5.14E-14
award  sergeant,1,8,2587662,3473629,5.14E-14
time  hill,1,8,2587662,3473629,5.14E-14
williamson  counti,1,8,2587662,3473629,5.14E-14
illinoi  18th,1,8,2587662,3473629,5.14E-14
dollar  come,1,8,2587662,3473629,5.14E-14
aggress  continu,1,8,2587662,3473629,5.14E-14
option  healthcar,1,8,2587662,3473629,5.14E-14
life  fre,1,8,2587662,3473629,5.14E-14
paycheck  time,1,8,2587662,3473629,5.14E-14
pay  irs,1,8,2587662,3473629,5.14E-14
relat  motion,1,8,2587662,3473629,5.14E-14
violat  immigr,1,8,2587662,3473629,5.14E-14
comey  didnt,1,8,2587662,3473629,5.14E-14
waco  texa,1,8,2587662,3473629,5.14E-14
truli  proud,1,8,2587662,3473629,5.14E-14
leadership  coach,1,8,2587662,3473629,5.14E-14
52  48,1,8,2587662,3473629,5.14E-14
deal  sell,1,8,2587662,3473629,5.14E-14
congratul  william,1,8,2587662,3473629,5.14E-14
res  27,1,8,2587662,3473629,5.14E-14
littl  histori,1,8,2587662,3473629,5.14E-14
perspir  hard,1,8,2587662,3473629,5.14E-14
obamacar  cours,1,8,2587662,3473629,5.14E-14
internat  servic,1,8,2587662,3473629,5.14E-14
pipelin  system,1,8,2587662,3473629,5.14E-14
assign  offic,1,8,2587662,3473629,5.14E-14
request  data,1,8,2587662,3473629,5.14E-14
lost  plan,1,8,2587662,3473629,5.14E-14
continu  oversight,1,8,2587662,3473629,5.14E-14
unleash  econom,1,8,2587662,3473629,5.14E-14
citizen  soldier,1,8,2587662,3473629,5.14E-14
cant  argu,1,8,2587662,3473629,5.14E-14
creighton  univers,1,8,2587662,3473629,5.14E-14
senat  bun,1,8,2587662,3473629,5.14E-14
program  give,1,8,2587662,3473629,5.14E-14
afghanistan  16,1,8,2587662,3473629,5.14E-14
academi  earn,1,8,2587662,3473629,5.14E-14
fellow  georgian,1,8,2587662,3473629,5.14E-14
florida  franci,1,8,2587662,3473629,5.14E-14
healthcar  product,1,8,2587662,3473629,5.14E-14
congress  oversight,1,8,2587662,3473629,5.14E-14
budget  analyst,1,8,2587662,3473629,5.14E-14
bureaucrat  decis,1,8,2587662,3473629,5.14E-14
