Ms. ESTY of Connecticut-E000293,7.0,1.1370788224421356e-07,0.39497911099996746,2.6096426610594805e-23,9.064933036736042e-17,4357220394230130.0,4357220394230130.0,9.863853345286384e-93,9.863853345286384e-93
Ms. KLOBUCHAR-K000367,43.0,-2.0372681319713593e-10,0.3782703030000005,5.297530101171991e-10,1.931880210584638e-16,-0.3845694301049176,1958042227087806.2,0.7025440365231091,0.0
Mr. BERA-B001287,1.0,1.251164942725518e-07,0.4346084079999641,inf,inf,0.0,0.0,nan,nan
Mr. VISCLOSKY-V000108,12.0,-3.4924596548080444e-10,0.4158237000000002,1.6361760801773164e-10,5.768888059150692e-17,-2.1345255545048416,7208038979720099.0,0.058572941812732586,6.500238902944364e-155
Mr. DANNY K. DAVIS of Illinois-D000096,10.0,-1.1641532182693481e-10,0.2879954859999999,4.174788047689087e-10,1.7826341206873996e-16,-0.27885325074496986,1615561391189720.2,0.7874301155663024,2.4134054888287605e-119
Mr. CARSON of Indiana-C001072,2.0,6.965781905383701e-08,0.24196548999998002,1.598073232648647e-23,5.5511151231253236e-17,4358862762402078.0,4358862762402078.5,1.4605180458050334e-16,1.4605180458050332e-16
Mr. HOYER-H000874,40.0,8.731149137020111e-11,0.4058060389999999,1.624300780112155e-10,5.433126041581365e-17,0.5375327798843538,7469107764006263.0,0.5940338009095615,0.0
Ms. HEITKAMP-H001069,10.0,-5.820766091346741e-11,0.5826561629999999,2.9753574355907485e-10,1.1806804969751241e-16,-0.19563249852672052,4934918163658597.0,0.8497754450408479,3.184039023558705e-123
Ms. PLASKETT-P000610,17.0,-2.9103830456733704e-11,0.3254337260000002,4.655629286040462e-11,7.121819993391075e-17,-0.6251320427079374,4569530349011868.0,0.5412785135365047,1.6954011589028382e-227
Ms. BARRAGAN-B001300,5.0,5.2904681845788064e-08,0.18377128999998482,7.99036616324324e-24,2.7755575615626618e-17,6621058505323163.0,6621058505323164.0,3.1220621820958205e-63,3.1220621820958205e-63
Mr. KRISHNAMOORTHI-K000391,7.0,1.1641532182693481e-10,0.37071376899999997,0.0,0.0,inf,inf,0.0,0.0
Mr. DEUTCH-D000610,9.0,0.0,0.29392602900000003,2.31906161210446e-10,7.709000935711847e-17,0.0,3812764214859431.5,1.0,2.2547352732516682e-107
Mr. CLYBURN-C000537,10.0,0.0,0.35052857200000004,2.2724667780240498e-10,7.459086818853015e-17,0.0,4699349672590363.0,1.0,4.7088616475761954e-123
Mrs. DAVIS of California-D000598,5.0,-6.402842700481415e-10,0.2966541500000003,5.56638406358545e-10,2.0269806481627062e-16,-1.1502696593230006,1463527292521974.8,0.33340622154205757,7.035067499024143e-46
Ms. WASSERMAN SCHULTZ-W000797,10.0,0.0,0.24992995699999998,1.1362333890120257e-10,3.729543409426509e-17,0.0,6701355355411499.0,1.0,2.7537013548900413e-124
Mr. KAINE-K000384,32.0,0.0,0.29197122900000017,1.5967443560016892e-10,6.500800384324994e-17,0.0,4491312019117116.5,1.0,0.0
Mr. FRANKEN-F000457,21.0,0.0,0.0,0.0,0.0,nan,nan,nan,nan
Mr. RASKIN-R000606,44.0,1.4551915228366852e-11,0.128297227,2.9734658317440256e-12,2.0526425050122306e-18,4.893923808713055,6.2503444553407784e+16,1.5011665793798825e-05,0.0
Mr. PALLONE-P000034,9.0,-1.1641532182693481e-10,0.190071165,1.0932161279389802e-10,4.450793765416311e-17,-1.064888441102771,4270500387524054.0,0.32227373681060434,1.0195859495840613e-107
Mrs. NAPOLITANO-N000179,7.0,0.0,0.21008981499999996,8.712769208534006e-11,5.278426520166973e-17,0.0,3980159886612463.0,1.0,1.900208557655981e-77
Mr. JOHNSON of Georgia-J000288,38.0,-8.731149137020111e-11,0.2955521300000003,2.4850263352142233e-10,9.915555971646878e-17,-0.351350366525087,2980691459411044.5,0.7273736099134939,0.0
Ms. ESTY-E000293,5.0,1.1370788224421349e-07,0.3949791109999674,2.3971098489729722e-23,8.326672684687985e-17,4743540738983279.0,4743540738983281.0,1.1850610146742484e-62,1.1850610146742484e-62
Mr. SCHRADER-S001180,9.0,-5.820766091346741e-10,0.4977455880000001,3.7870117544880634e-10,1.5418001871423694e-16,-1.5370340703190146,3228340430562150.5,0.16816842314870545,7.226365530430478e-107
Ms. CANTWELL-C000127,29.0,-2.3283064365386963e-10,0.3446235710000001,3.845909193787728e-11,1.2163274056882585e-17,-6.053981826454963,2.8333125553887764e+16,1.8353515147794138e-06,0.0
Mr. DONNELLY-D000607,15.0,-6.984919309616089e-10,0.7079104120000004,4.2879464376424695e-10,1.3522482183022948e-16,-1.628966082294728,5235062634349481.0,0.12730024574323232,1.7032251836551995e-198
Mrs. BEATTY-B001281,6.0,-2.3283064365386963e-10,0.3660414700000001,1.6699152190756352e-10,6.798699777552596e-17,-1.394266253724849,5383992262881891.0,0.23569282331209218,7.140580867792449e-63
Mrs. McCASKILL-M001170,19.0,1.4309353788398856e-07,0.4970540059999591,1.8833473660642787e-23,6.54205191118186e-17,7597830355799843.0,7597830355799842.0,5.167909683303011e-276,5.167909683303011e-276
Mr. CONYERS-C000714,21.0,-1.0186340659856796e-10,0.4970540059999998,6.028017137495381e-10,1.9677193489208968e-16,-0.1689832730649665,2526041156593727.5,0.8675958344304926,5.7364429215409405e-282
Mr. RUIZ-R000599,5.0,1.1212874860015827e-07,0.3894937849999678,1.598073232648648e-23,5.5511151231253236e-17,7016496259956497.0,7016496259956496.0,2.475540627489674e-63,2.475540627489674e-63
Mr. CORREA-C001110,10.0,-1.862645149230957e-09,0.4197099790000004,1.0779256388430411e-09,3.5381555418772995e-16,-1.72799039387371,1186239479956010.5,0.12225430094519525,2.856531588646062e-118
Ms. MAXINE WATERS of California-W000187,37.0,-1.382431946694851e-10,0.24721950900000025,4.098106281212548e-10,1.3576781803207214e-16,-0.33733433245313904,1820899183498700.0,0.7378796126480696,0.0
Ms. SLAUGHTER-S000480,14.0,-1.1641532182693481e-10,0.20345355400000006,5.206875512283811e-11,2.0427550545376242e-17,-2.23579998316252,9959762603355868.0,0.04513713597567004,7.069873723885654e-187
Mrs. MURRAY-M001111,18.0,1.4551915228366852e-10,0.143810992,1.4218815731989808e-10,5.013320832966252e-17,1.0234266694678116,2868577471729667.0,0.32133169639418047,4.012297650652686e-239
Mrs. BUSTOS-B001286,12.0,2.3283064365386963e-10,0.44422716900000003,3.0791715204355625e-10,1.253618297018668e-16,0.7561470418540852,3543560029846827.5,0.4670001223342448,7.883201738021572e-152
Ms. BROWNLEY of California-B001285,1.0,9.379673655512334e-08,0.32581515799997307,inf,inf,0.0,0.0,nan,nan
Mr. VAN HOLLEN-V000128,34.0,4.3655745685100555e-11,0.10027379100000003,6.051266638448003e-11,2.1954328299979205e-17,0.7214315331557948,4567381412443168.0,0.4758825257959267,0.0
Mr. WARNER-W000805,28.0,1.3657986803429294e-07,0.47442792699996084,6.150986740362886e-24,2.1366252070926726e-17,2.2204546002034664e+16,2.220454600203466e+16,0.0,0.0
Mr. PETERSON-P000258,2.0,2.0467851066461905e-07,0.7109774149999413,6.392292930594589e-23,2.2204460492501294e-16,3201957621262838.0,3201957621262839.0,1.9882204815580953e-16,1.9882204815580945e-16
Mr. KIHUEN-K000390,1.0,9.120295425821801e-08,0.31680531799997386,inf,inf,0.0,0.0,nan,nan
Mr. MENENDEZ-M000639,14.0,-1.4551915228366852e-10,0.260774576,1.7387779892921715e-10,6.415942707938515e-17,-0.8369047295273563,4064477939887785.5,0.41900121570075777,3.3139217589428146e-182
Ms. DUCKWORTH-D000622,11.0,1.3096723705530167e-10,0.21238221499999993,8.702885179023726e-11,4.068013197372155e-17,1.5048714806782424,5220784808102246.0,0.16661584325161677,1.7670494249206756e-138
Ms. BEATTY-B001281,1.0,1.0537721922023064e-07,0.3660414699999697,inf,inf,0.0,0.0,nan,nan
Mr. GALLEGO-G000574,11.0,-2.9103830456733704e-11,0.24416319400000008,1.9940815048692764e-10,7.740660210346875e-17,-0.14595105759552005,3154294173430183.5,0.8871767092827405,1.647218031641818e-136
Ms. BASS-B001270,4.0,8.403493607551064e-08,0.29190627499997596,2.7679440331632985e-23,9.614813431917028e-17,3036005608085678.0,3036005608085677.5,7.88066810686556e-47,7.88066810686556e-47
Ms. PELOSI-P000197,18.0,4.656612873077393e-10,0.4050813999999997,4.33856700565727e-10,1.442222014787674e-16,1.0733066625467365,2808731220620262.0,0.29905514284877766,5.622061215986996e-239
Ms. BALDWIN-B001230,14.0,8.115745229053666e-08,0.2819109609999768,1.3296773035987375e-23,4.618806972099682e-17,6103544978235403.0,6103544978235403.0,2.3157335954127853e-199,2.3157335954127853e-199
Mr. COSTA-C001059,20.0,0.0,0.5289639840000003,7.637015930117704e-10,2.647427895954829e-16,0.0,1998029803977806.2,1.0,1.4285395197436868e-265
Mr. CLEAVER-C001061,4.0,0.0,0.387974575,0.0,0.0,nan,inf,nan,0.0
Mr. RYAN of Ohio-R000577,12.0,6.984919309616089e-10,0.35659137399999985,3.061005158229143e-10,1.0792601309996583e-16,2.281903802363082,3304035456861630.0,0.0456377514570611,1.587280173655045e-151
Ms. KUSTER of New Hampshire-K000382,12.0,1.1641532182693481e-10,0.418435877,1.2333141247505938e-10,4.583682454954833e-17,0.9439227159623818,9128814683654242.0,0.36745577946822483,6.122893068878925e-156
Ms. EDDIE BERNICE JOHNSON of Texas-J000126,9.0,0.0,0.32555623400000006,2.31906161210446e-10,7.709000935711848e-17,0.0,4223066474046785.5,1.0,1.1025029958643021e-107
Mr. CAPUANO-C001037,6.0,8.690419877764049e-08,0.30187303199997517,2.858720304980173e-23,9.930136612988277e-17,3039968570071188.5,3039968570071187.5,7.310690430950097e-77,7.310690430950513e-77
Mrs. MURPHY of Florida-M001202,4.0,-1.1641532182693481e-10,0.4366033210000001,3.1488223344400025e-10,1.1991779233329544e-16,-0.3697106710456515,3640855226775020.0,0.7470750716227839,7.543852348256562e-32
Mr. TAKANO-T000472,9.0,-4.3655745685100555e-11,0.17237685000000003,3.594472486781044e-11,1.7923063117007915e-17,-1.2145244078414288,9617599897666192.0,0.26392374194038937,3.469830493004126e-110
Mr. CONNOLLY-C001078,19.0,-1.1641532182693481e-10,0.3200525520000001,1.0620474274718145e-10,4.0899972165331765e-17,-1.0961405189225821,7825251095678929.0,0.28830323282870357,3.5455010843237785e-261
Mr. COURTNEY-C001069,10.0,-1.1641532182693481e-10,0.3870204929999999,6.817400334072149e-10,2.237726045655904e-16,-0.1707620443603874,1729525800315559.5,0.8686507194347746,1.3989482925608463e-119
Mr. CLAY-C001049,8.0,9.030858381577022e-08,0.31369860599997407,6.040149072081982e-24,2.0981243021256146e-17,1.4951383275155112e+16,1.4951383275155112e+16,1.5812683510931082e-111,1.5812683510931082e-111
Ms. TITUS-T000468,3.0,9.075752685230551e-08,0.3152580679999741,4.5200336785542667e-23,1.5700924586836457e-16,2007894925272643.5,2007894925272644.0,2.4803789431868955e-31,2.4803789431868946e-31
Mr. ESPAILLAT-E000297,15.0,5.820766091346741e-11,0.24182198300000002,9.335109866286434e-11,4.757065991401637e-17,0.6235348244125464,5083427125818552.0,0.5437189661153216,2.4958628155137465e-198
Mr. JEFFRIES-J000294,8.0,-2.3283064365386963e-10,0.1897021180000001,1.3955663407002672e-10,4.7110561273794597e-17,-1.6683595531333886,4026742897362220.5,0.1462877891485357,1.5833625362024053e-92
Mrs. SHAHEEN-S001181,35.0,1.4551915228366852e-10,0.33636829299999993,2.6200937216744752e-11,1.582193542966436e-17,5.553967443220646,2.1259617351828332e+16,3.594487677895197e-06,0.0
Mr. PASCRELL-P000096,16.0,2.3283064365386963e-10,0.35701954500000016,6.448460297621303e-10,2.1768265335224702e-16,0.3610639329511819,1640091847016779.5,0.7234419768551272,2.1670514059556862e-206
Mr. CUELLAR-C001063,5.0,4.656612873077393e-10,0.5709521260000001,1.2446813155048577e-09,4.532466518368394e-16,0.37412089464752785,1259694084194873.8,0.7331919414112447,1.1032539131756283e-45
Mr. SHERMAN-S000344,19.0,-5.820766091346741e-11,0.42495023800000026,5.514076230062402e-10,2.027651229365543e-16,-0.10556194453047792,2095775801309617.8,0.9171655028743899,1.889237038798158e-251
Mr. NADLER-N000002,13.0,5.820766091346741e-11,0.14641492400000009,4.3636526529645007e-10,1.39365389109269e-16,0.13339205831134,1050583110597165.0,0.8962923844334875,7.299818468188245e-161
Mr. LEVIN-L000263,7.0,7.869116486211184e-08,0.2733439909999775,1.9572319957946104e-23,6.798699777552032e-17,4020533336425673.0,4020533336425673.5,1.598091965981664e-92,1.598091965981664e-92
Mr. HEINRICH-H001046,4.0,9.735527445351755e-08,0.3381762019999721,2.7679440331632985e-23,9.614813431917028e-17,3517241435776311.5,3517241435776311.5,5.068322056688801e-47,5.068322056688801e-47
Mr. KEATING-K000375,5.0,8.638640903031562e-08,0.30007442199997525,1.598073232648648e-23,5.5511151231253236e-17,5405660220410469.0,5405660220410469.0,7.026778665110934e-63,7.026778665110934e-63
Ms. JAYAPAL-J000298,21.0,-1.8189894035458565e-11,0.14023476400000004,1.142197909726093e-11,8.61052045585932e-18,-1.592534348081641,1.628644455569147e+16,0.1277652380538713,2.4005528998990234e-297
Mr. PERLMUTTER-P000593,11.0,-4.656612873077393e-10,0.3763284490000001,2.0223677617388548e-10,6.568167990716598e-17,-2.302554936434303,5729580143685424.0,0.04680330609437099,7.651835835886002e-139
Mr. BROWN of Maryland-B001304,11.0,9.125501132819956e-08,0.3169861449999738,5.0535512829178856e-24,1.7554167342882054e-17,1.8057600728553316e+16,1.8057600728553316e+16,6.675750900665315e-159,6.675750900665315e-159
Mr. ENGEL-E000179,39.0,-2.1827872842550278e-11,0.3186214690000002,1.2722208705253548e-10,6.009541033691089e-17,-0.17157298192676723,5301926839566006.0,0.8647081948332721,0.0
Mr. SCHATZ-S001194,24.0,2.9103830456733704e-11,0.2308064050000001,1.2861121696056908e-10,5.397277626248266e-17,0.22629309592534722,4276348577614995.0,0.8230627401203882,0.0
Mr. GONZALEZ-G000581,1.0,1.3398274917016538e-07,0.4654064969999615,inf,inf,0.0,0.0,nan,nan
Mr. McEACHIN-M001200,7.0,-1.1641532182693481e-10,0.29737957500000023,5.726616280620612e-10,2.246659119281355e-16,-0.20328814804808,1323652406579258.2,0.8469240347760933,4.671260572434519e-75
Ms. VELAZQUEZ-V000081,6.0,5.594504883939397e-08,0.19433239999998403,1.7867001906126084e-23,6.206335383117672e-17,3131193981694937.5,3131193981694938.0,6.306000398355922e-77,6.306000398355922e-77
Mr. SWALWELL of California-S001193,9.0,0.0,0.2692254920000001,4.63812322420892e-10,1.5418001871423696e-16,0.0,1746176283056449.5,1.0,5.335297053096898e-105
Mr. CARTWRIGHT-C001090,15.0,5.820766091346741e-11,0.3058658250000001,2.9896278169122e-10,1.0886632436545533e-16,0.1946986865194025,2809554072692246.0,0.8486386016399412,5.558663740527542e-195
Ms. SPEIER-S001175,6.0,5.820766091346741e-10,0.2317530179999998,2.892378003771508e-10,1.0198049666328878e-16,2.0124499922751347,2272522939020230.5,0.11447864986041975,2.2496665324548002e-61
Mr. O'ROURKE-O000170,13.0,1.0076902548629861e-07,0.3500343099999713,2.7679440331632997e-23,9.614813431917031e-17,3640573085256221.0,3640573085256220.0,1.2426889918240618e-181,1.2426889918240618e-181
Mr. SCOTT of Virginia-S000185,20.0,-5.820766091346741e-11,0.20802762099999988,5.213396335768584e-10,1.6094819318469824e-16,-0.11165017421390072,1292512931544842.0,0.9123364017372223,3.62993989921759e-262
Mr. FOSTER-F000454,1.0,9.822799492173081e-08,0.3412077099999718,inf,inf,0.0,0.0,nan,nan
Mr. WHITEHOUSE-W000802,42.0,7.275957614183426e-11,0.18885233899999984,1.530028959242761e-10,5.84665285881951e-17,0.47554378433362654,3230093244122087.0,0.6369862388197818,0.0
Mr. NOLAN-N000127,5.0,1.1641532182693481e-10,0.38240906999999985,4.544933556048102e-10,1.940686219448487e-16,0.25614306654058094,1970483770986298.8,0.8144002371883634,2.882386127770904e-46
Ms. MOORE-M001160,8.0,5.820766091346741e-11,0.143399478,1.1901429742362996e-10,4.017602164595155e-17,0.4890812463168013,3569280185671396.5,0.642147207118274,3.264524455872537e-92
Mr. BRADY of Pennsylvania-B001227,11.0,0.0,0.40937568599999985,1.341487010759729e-10,7.897424600402095e-17,0.0,5183660581946634.0,1.0,1.884264298410157e-138
Mr. LEAHY-L000174,42.0,-1.4551915228366852e-11,0.2324962090000001,1.0180036751143988e-10,3.729027620133936e-17,-0.1429456060336086,6234767684334006.0,0.8870507990902594,0.0
Mr. RUPPERSBERGER-R000576,3.0,1.2771007649057714e-07,0.44361755299996347,4.5200336785542667e-23,1.5700924586836457e-16,2825423117896440.5,2825423117896440.5,1.2526594280426402e-31,1.2526594280426402e-31
Mr. DURBIN-D000563,100.0,-7.275957614183426e-12,0.17474609699999996,1.5976546394068853e-11,6.272718816127079e-18,-0.45541492101725806,2.7858110991796732e+16,0.6498181830097066,0.0
Mrs. GILLIBRAND-G000555,3.0,2.4326962860175965e-08,0.08450286799999304,1.1300084196385667e-23,3.9252311467091144e-17,2152812531074498.2,2152812531074498.5,2.157682675791259e-31,2.1576826757912587e-31
Mr. NORCROSS-N000188,9.0,9.554422779627438e-08,0.3318852959999725,0.0,0.0,inf,inf,0.0,0.0
Mr. DeSAULNIER-D000623,4.0,-5.820766091346741e-11,0.192081952,1.5744111672200012e-10,5.995889616664772e-17,-0.3697106710456515,3203560510289148.0,0.7470750716227839,9.743929585939982e-32
Mr. SARBANES-S001168,1.0,8.802664474914563e-08,0.30577199399997473,inf,inf,0.0,0.0,nan,nan
Mr. BENNET-B001267,32.0,4.656612873077393e-10,0.4199482510000001,4.775425511501234e-10,1.6120550460907072e-16,0.9751199891742233,2605049077067126.5,0.33729855431949474,0.0
Ms. LOFGREN-L000397,10.0,0.0,0.232597702,0.0,0.0,nan,inf,nan,0.0
Ms. KELLY of Illinois-K000385,8.0,0.0,0.27787712,0.0,0.0,nan,inf,nan,0.0
Ms. CASTOR of Florida-C001066,8.0,8.330505206368438e-08,0.2893709279999761,6.040149072081982e-24,2.0981243021256146e-17,1.379188676794858e+16,1.3791886767948578e+16,2.782335012662663e-111,2.782335012662663e-111
Mr. LOEBSACK-L000565,1.0,1.2549059485321235e-07,0.43590789499996396,inf,inf,0.0,0.0,nan,nan
Ms. SINEMA-S001191,9.0,1.8437844876971556e-07,0.640462510999947,1.1300084196385662e-23,3.925231146709113e-17,1.6316555307498426e+16,1.6316555307498422e+16,2.229411327548737e-127,2.229411327548737e-127
Ms. TSONGAS-T000465,2.0,1.1641532182693481e-10,0.2716650469999999,inf,inf,0.0,0.0,nan,nan
Mr. UDALL-U000039,20.0,1.1641532182693481e-10,0.32924793399999985,4.170717068614867e-10,1.2875855454775858e-16,0.27912543553475183,2557095605464230.5,0.7833303123388977,1.6837677729863967e-267
Mr. KHANNA-K000389,15.0,0.0,0.1503006520000001,2.0055033078119931e-10,7.302975052250994e-17,0.0,2058074290609454.5,1.0,3.178797917964753e-193
Mr. SABLAN-S001177,6.0,1.0116269579660795e-07,0.35140177499997116,3.573400381225217e-23,1.2412670766235345e-16,2830992472271527.5,2830992472271527.5,1.0437831674879439e-76,1.0437831674879439e-76
Mrs. LOWEY-L000480,6.0,0.0,0.30170625100000004,2.587021533223297e-10,9.121412916732177e-17,0.0,3307670135693066.0,1.0,5.012593445878204e-62
Ms. ROSEN-R000608,5.0,1.2027213261054443e-07,0.41778088799996543,7.99036616324324e-24,2.7755575615626618e-17,1.505214281215452e+16,1.5052142812154518e+16,1.1688477082686607e-64,1.1688477082686607e-64
Ms. KAPTUR-K000009,37.0,1.1641532182693481e-10,0.2721828930000001,2.86017598826217e-10,9.761352792226735e-17,0.40702153400591357,2788372665075149.0,0.6864707398434033,0.0
Ms. MENG-M001188,1.0,8.442336834952939e-08,0.2932555449999758,inf,inf,0.0,0.0,nan,nan
Mr. CASEY-C001070,29.0,0.0,0.3319214549999998,3.65555952628724e-10,1.2046561515908308e-16,0.0,2755321130944086.0,1.0,0.0
Mr. GRIJALVA-G000551,13.0,-7.275957614183426e-12,0.06939378700000003,3.435775256140823e-11,1.5273914722000555e-17,-0.21177047599894597,4543287576435475.0,0.8361587670400284,7.378602635338291e-168
Mr. PAYNE-P000604,8.0,-1.4551915228366852e-11,0.19608367599999998,4.6518878023342245e-11,2.5497622095987012e-17,-0.31281741621251036,7690273048280097.0,0.7650069394612677,3.263271536456479e-94
Mr. SEAN PATRICK MALONEY of New York-M001185,2.0,8.5761742615067e-08,0.2979045619999754,3.196146465297294e-23,1.1102230246250647e-16,2683285748830341.5,2683285748830342.0,2.372538119151444e-16,2.3725381191514436e-16
Mr. HUFFMAN-H001068,6.0,2.9103830456733704e-10,0.17202840899999985,1.5842206774974192e-10,6.966594189312186e-17,1.8371070943669787,2469332995797538.5,0.14006764430933843,1.613736462476807e-61
Mrs. CAROLYN B. MALONEY of New York-M000087,13.0,-1.1641532182693481e-10,0.27774705000000005,0.0,0.0,-inf,inf,0.0,0.0
Mr. CICILLINE-C001084,12.0,1.4551915228366852e-11,0.22492224500000005,4.628154113866446e-11,2.7196851780259728e-17,0.3144215786757782,8270157399734597.0,0.7596626969294752,1.6442309990711876e-155
Mr. RICHMOND-R000588,7.0,3.4924596548080444e-10,0.3268338289999999,1.8628684153353035e-10,6.40987562127855e-17,1.8747752799166042,5098910623398458.0,0.11967710500961322,5.507022671164778e-78
Mr. LARSON of Connecticut-L000557,9.0,0.0,0.41651211099999996,1.1595308060522297e-10,4.587773203163002e-17,0.0,9078742399751564.0,1.0,5.1951171591553216e-110
Mr. CARDIN-C000141,60.0,4.3655745685100555e-10,0.28263728699999996,9.097466114899637e-11,3.1355266053751456e-17,4.798670875355293,9014029302621218.0,1.1587395136205408e-05,0.0
Mr. PETERS-P000595,38.0,2.0372681319713593e-10,0.4354455600000001,1.5205182864444316e-10,6.108465877133155e-17,1.3398511219061309,7128558442637398.0,0.1886903784472314,0.0
Mr. GOMEZ-G000585,3.0,-2.3283064365386963e-10,0.3492375409999999,1.37704736681506e-09,5.606351459942525e-16,-0.16907961865711132,622931943341954.1,0.8933690580788428,1.0219732334678386e-15
Mr. GARAMENDI-G000559,23.0,2.9103830456733704e-11,0.2826960210000001,6.406117242436741e-11,2.799531397462169e-17,0.4543131097248428,1.0097976441924162e+16,0.6542644352204229,1e-323
Mr. BRENDAN F. BOYLE of Pennsylvania-B001296,16.0,-1.4551915228366852e-11,0.3312930700000003,2.760815144906398e-10,1.362205750830862e-16,-0.05270876340712126,2432033999254017.5,0.9587086784378591,8.718637115439024e-209
Mr. WYDEN-W000779,62.0,-8.731149137020111e-11,0.22552314700000003,1.3257153782591294e-11,5.10660636069078e-18,-6.585990688654053,4.416301768156908e+16,1.2660865365377767e-08,0.0
Ms. FRANKEL of Florida-F000462,14.0,1.1641532182693481e-10,0.34042154,2.1613720326350855e-10,6.856562095590126e-17,0.5386176931557889,4964901290968340.0,0.5999999833042311,3.0024243732141262e-183
Mr. VELA-V000132,6.0,1.290726179817549e-07,0.44835051799996317,4.28808045747026e-23,1.4895204919482415e-16,3010032560300907.0,3010032560300907.0,7.681532887513683e-77,7.681532887513683e-77
Ms. HIRONO-H001042,21.0,5.1279107158789286e-08,0.17812464499998532,5.36010057183782e-24,1.8619006149353013e-17,9566818098192362.0,9566818098192364.0,4.3746998942867196e-308,4.3746998942867196e-308
Mr. BEYER-B001292,14.0,6.603837915954812e-08,0.22939289499998108,6.648386517993688e-24,2.309403486049841e-17,9932993363249404.0,9932993363249404.0,4.123012472106693e-202,4.123012472106693e-202
Ms. GABBARD-G000571,7.0,1.0375646686606529e-07,0.3604115759999703,1.9572319957946104e-23,6.798699777552032e-17,5301183870333242.0,5301183870333242.0,3.0413511460330807e-93,3.0413511460330807e-93
Mr. SERRANO-S000248,3.0,4.6377191871323864e-08,0.16109720499998673,1.69501262945785e-23,5.887846720063672e-17,2736097127851939.0,2736097127851939.0,1.3357862834515202e-31,1.3357862834515202e-31
Mr. NELSON-N000032,34.0,-1.1641532182693481e-10,0.5858529240000001,1.1874506636241552e-10,4.503172307365664e-17,-0.9803802835195677,1.3009782526903162e+16,0.3342528019449965,0.0
Mr. ELLISON-E000288,8.0,4.0888170588113355e-08,0.14203037599998827,3.020074536040991e-24,1.0490621510628073e-17,1.3538795185404122e+16,1.3538795185404122e+16,3.1674886931852403e-111,3.1674886931852403e-111
Ms. HARRIS-H001075,14.0,4.105745919973867e-08,0.14261842199998825,6.648386517993688e-24,2.309403486049841e-17,6175552382313771.0,6175552382313772.0,1.9882500837882497e-199,1.9882500837882497e-199
Mr. LYNCH-L000562,3.0,8.510582675759238e-08,0.29562615299997563,2.2600168392771333e-23,7.850462293418229e-17,3765716488414019.5,3765716488414019.5,7.051877510813477e-32,7.051877510813477e-32
Mrs. WATSON COLEMAN-W000822,17.0,0.0,0.163947729,0.0,0.0,nan,inf,nan,0.0
Mr. CROWLEY-C001038,14.0,-1.4551915228366852e-11,0.296864548,4.827963735534402e-12,5.052453076054685e-18,-3.0140895883833965,5.875651758290311e+16,0.010780684632831423,3.978569283355374e-196
Mr. TED LIEU of California-L000582,6.0,6.82407518935467e-08,0.2370431229999805,2.14404022873513e-23,7.447602459741208e-17,3182811170189895.5,3182811170189894.5,5.81098151496119e-77,5.81098151496119e-77
Mr. HECK-H001064,7.0,1.1074055526926254e-07,0.38467171499996833,1.9572319957946104e-23,6.798699777552032e-17,5658018850458416.0,5658018850458416.0,2.0573938278528996e-93,2.0573938278528996e-93
Mr. LIPINSKI-L000563,17.0,2.3283064365386963e-10,0.43734941900000013,4.0798215727015827e-10,2.0738201371252828e-16,0.5706882997329059,2108907186166353.5,0.5766610789026163,1.84707260297624e-222
Mr. THOMPSON of California-T000460,6.0,-1.1641532182693481e-10,0.4150755840000001,2.587021533223297e-10,9.121412916732177e-17,-0.4499974984046123,4550562372180213.0,0.6760220294350445,1.3992359823843386e-62
Mr. HIGGINS of New York-H001038,13.0,-7.639755494892597e-11,0.33144186200000014,1.042403621327169e-10,6.913615517866412e-17,-0.7328980194030602,4794045331903058.0,0.4789479338058322,4.0862329564665986e-168
Mr. CUMMINGS-C000984,6.0,4.656612873077393e-10,0.20821087799999982,2.4199370573820464e-10,8.53230050442654e-17,1.9242702444976163,2440266583343852.5,0.12664748490032907,1.692007014732222e-61
Mr. PETERS-P000608,4.0,1.0782941217112047e-07,0.37455948099996916,2.7679440331632985e-23,9.614813431917028e-17,3895650016011683.5,3895650016011683.0,3.730189942250642e-47,3.730189942250642e-47
Mr. BOOKER-B001288,20.0,-7.275957614183426e-12,0.206383987,3.3307167429791057e-12,1.953341565648038e-18,-2.184502068367292,1.0565688593818987e+17,0.04239632089147869,1.3663660505516236e-296
Mr. COOPER-C000754,1.0,2.489701257761228e-07,0.4324150489998567,inf,inf,0.0,0.0,nan,nan
Mr. AGUILAR-A000371,2.0,0.0,0.3255632359999998,inf,inf,0.0,0.0,nan,nan
Mrs. FEINSTEIN-F000062,24.0,-2.1827872842550278e-11,0.181127987,5.921461794288637e-12,4.846638397929737e-18,-3.6862304614721446,3.737187966764131e+16,0.0012924060818551774,0.0
Mr. CRIST-C001111,5.0,2.3283064365386963e-10,0.3677396989999998,3.8025642295988153e-10,1.6236945838580857e-16,0.6122990424238912,2264832947377381.0,0.5836254412804477,1.898288528400663e-46
Mr. AL GREEN of Texas-G000553,7.0,6.889544395919552e-08,0.23931728099998026,1.3048213305297403e-23,4.532466518368021e-17,5280067266468190.0,5280067266468189.0,3.115064480016951e-93,3.115064480016951e-93
Mr. COHEN-C001068,13.0,5.820766091346741e-11,0.21175033800000007,2.417078300261945e-10,8.412252247402656e-17,0.24081826768772566,2517165816864081.0,0.8141255385970849,4.886709729702191e-165
Mr. SUOZZI-S001201,7.0,1.1779092649475227e-07,0.4091620959999663,2.6096426610594805e-23,9.064933036736042e-17,4513680292417151.0,4513680292417151.0,7.982133856129057e-93,7.982133856129057e-93
Mr. GONZALEZ of Texas-G000581,2.0,0.0,0.4654064969999997,inf,inf,0.0,0.0,nan,nan
Ms. SEWELL of Alabama-S001185,6.0,1.2139080126552497e-07,0.4216667289999654,4.28808045747026e-23,1.4895204919482415e-16,2830889076580879.0,2830889076580879.0,1.0439737976441216e-76,1.0439737976441216e-76
Ms. DeGETTE-D000197,6.0,-1.1641532182693481e-10,0.3474444230000001,2.587021533223297e-10,9.121412916732177e-17,-0.4499974984046123,3809107494329672.5,0.6760220294350445,2.85008843109999e-62
Mr. SOTO-S001200,3.0,7.098915831564665e-08,0.24659006999997968,2.2600168392771333e-23,7.850462293418229e-17,3141089795523494.5,3141089795523494.5,1.013536273202415e-31,1.013536273202415e-31
Ms. LEE-L000551,17.0,0.0,0.0,0.0,0.0,nan,nan,nan,nan
Mr. SCHUMER-S000148,114.0,-9.822542779147625e-11,0.30808767300000006,8.475870687252355e-12,4.213934668743829e-18,-11.588830388741837,7.311163964766467e+16,6.902995782862937e-21,0.0
Mr. COONS-C001088,14.0,2.9103830456733704e-10,0.3890410199999999,6.012381957307857e-11,2.0687784610393932e-17,4.840648957998907,1.8805349501006424e+16,0.0004046063253180488,3.443678412907056e-190
Mr. LEWIS of Georgia-L000287,6.0,0.0,0.22642234600000002,6.467553833058242e-11,2.844100168142183e-17,0.0,7961124173341024.0,1.0,1.493666562572016e-63
Mr. GENE GREEN of Texas-G000410,13.0,1.0477378964424133e-09,0.45027585099999967,3.680860543201275e-10,1.1755852325040093e-16,2.8464482262921784,3830227180048079.0,0.01589742206382876,4.825882575557481e-167
Mr. MOULTON-M001196,5.0,1.0399683011718868e-07,0.36124650899997013,7.99036616324324e-24,2.7755575615626618e-17,1.3015277146570342e+16,1.301527714657034e+16,2.0909207323042365e-64,2.0909207323042365e-64
Ms. CLARK of Massachusetts-C001101,7.0,-1.1641532182693481e-10,0.21414214100000023,6.422845042253499e-10,2.519802738441215e-16,-0.18125195464172322,849836924665267.8,0.8632881704872517,4.281795065843655e-74
Mr. TONKO-T000469,11.0,7.175058771371142e-08,0.2492349939999794,5.0535512829178856e-24,1.7554167342882054e-17,1.4198052754751728e+16,1.419805275475173e+16,7.3928642043296e-158,7.3928642043296e-158
Mr. VEASEY-V000131,17.0,-2.9103830456733704e-11,0.35067212,8.759460487471402e-12,1.1376466432680366e-17,-3.3225597054020297,3.082434445485191e+16,0.0046392427894173735,6.222117803794261e-240
Mr. BUTTERFIELD-B001251,5.0,-1.1641532182693481e-10,0.329295346,1.1587352445135965e-10,8.438993393712258e-17,-1.0046757650476283,3902069010331872.5,0.3890733222298897,3.7118114607026935e-47
Mr. YARMUTH-Y000062,9.0,0.0,0.29008416400000014,6.95718483631338e-10,2.312700280713554e-16,0.0,1254309373415643.8,1.0,5.406827662404591e-104
Mr. CASTRO of Texas-C001091,11.0,9.757029044543373e-08,0.338923087999972,1.0107102565835771e-23,3.510833468576411e-17,9653636124683524.0,9653636124683524.0,3.500993748012172e-156,3.500993748012172e-156
Ms. ESHOO-E000215,14.0,-2.3283064365386963e-10,0.2821811540000001,1.0413751024567625e-10,4.0855101090752483e-17,-2.235799983162519,6906876900712689.0,0.04513713597567013,5.7150352087736e-185
Mrs. DINGELL-D000624,7.0,2.3283064365386963e-10,0.2839398699999999,9.314342076676519e-11,3.204937810639275e-17,2.499700373222139,8859450222635168.0,0.05451007419928149,3.4775229104789563e-79
Mr. DELANEY-D000620,1.0,1.3036020503046167e-07,0.4528231189999626,inf,inf,0.0,0.0,nan,nan
Mr. BLUMENAUER-B000574,16.0,2.9103830456733704e-10,0.22514532700000003,3.1096509394421813e-10,1.1190206424699029e-16,0.9359195299892547,2011985467069304.2,0.3651791095679122,1.2395836460332796e-207
Mr. THOMPSON of Mississippi-T000193,42.0,-3.4924596548080444e-10,0.3836572880000001,6.496621637195086e-11,2.1787971571743987e-17,-5.3758089201511705,1.7608673975761518e+16,3.5516179122011396e-06,0.0
Mr. HASTINGS-H000324,32.0,-2.9103830456733704e-11,0.224621774,1.9163122468320735e-11,6.685850450024956e-18,-1.5187415571155651,3.359658964539979e+16,0.13929700366760484,0.0
Mr. KIND-K000188,4.0,-4.656612873077393e-10,0.5356428420000001,5.453920267257725e-10,2.83052443350184e-16,-0.8538102218019361,1892380209335691.5,0.4831551098087914,2.7924358501268576e-31
Mr. REED-R000122,42.0,-6.548361852765083e-11,0.10993267799999998,5.997515369564055e-11,2.1479286250191988e-17,-1.0918457810039872,5118078725684722.0,0.28143384268636246,0.0
Ms. CLARKE of New York-C001067,4.0,4.138951529091705e-08,0.14377186199998815,9.226480110544328e-24,3.204937810639009e-17,4485948573564444.5,4485948573564443.5,2.4429122893377143e-47,2.4429122893377143e-47
Ms. DeLAURO-D000216,12.0,5.820766091346741e-11,0.24509935200000002,2.2062193764423872e-10,7.101010324937281e-17,0.26383441979976385,3451612387314263.5,0.7972647133793217,1.0253694993546585e-151
Mr. SCHNEIDER-S001190,4.0,-1.1641532182693481e-10,0.438952536,3.1488223344400025e-10,1.1991779233329546e-16,-0.3697106710456515,3660445438988654.5,0.7470750716227839,7.463321054267312e-32
Mr. BEN RAY LUJAN of New Mexico-L000570,1.0,1.0265870343127234e-07,0.35659835199997053,inf,inf,0.0,0.0,nan,nan
Ms. STABENOW-S000770,27.0,-2.3283064365386963e-10,0.3146968260000002,6.062859071136308e-10,1.8398086725225542e-16,-0.3840278009467772,1710486697339678.5,0.7042047695715323,0.0
Mr. TESTER-T000464,27.0,5.820766091346741e-10,0.5654381779999996,2.0038982628907614e-10,6.933340566559917e-17,2.9047213619267698,8155349828438478.0,0.00758223378309465,0.0
Ms. DelBENE-D000617,3.0,1.0052721101555757e-07,0.3491943359999713,4.5200336785542667e-23,1.5700924586836457e-16,2224036769737326.5,2224036769737327.0,2.021697033242392e-31,2.0216970332423906e-31
Mr. CARPER-C000174,33.0,-2.0372681319713593e-10,0.2936200769999999,1.5584592748289488e-10,6.440348780099187e-17,-1.30723219071282,4559071053842489.0,0.20074735902711363,0.0
Mr. MARKEY-M000133,13.0,-5.820766091346741e-11,0.08209023700000005,1.6010228180884198e-10,5.113311845848383e-17,-0.3635654673739495,1605422072323850.8,0.7230733050178703,6.879630229383788e-163
Mr. POLIS-P000598,39.0,-2.3283064365386963e-10,0.3381940990000003,2.3076631217523453e-10,8.443583918145614e-17,-1.0089455495439366,4005338281451873.5,0.319553699441959,0.0
Mrs. TORRES-T000474,7.0,-2.9103830456733704e-11,0.303426433,3.293117222354577e-11,1.9950576980128396e-17,-0.8837775424199592,1.5208905151075346e+16,0.4172802809934281,2.3324594617159583e-80
Mr. DOGGETT-D000399,6.0,9.045335657510278e-08,0.3142014929999742,2.858720304980173e-23,9.930136612988277e-17,3164120547838279.0,3164120547838279.0,5.98464999750609e-77,5.98464999750609e-77
Mrs. DEMINGS-D000627,17.0,4.656612873077393e-10,0.33046854800000014,1.1054564071320287e-09,3.451823661381865e-16,0.42123894194601524,957373783884730.6,0.6795545025784333,2.5770509443999133e-217
Mr. KILDEE-K000380,3.0,5.820766091346741e-11,0.2992738119999999,3.3398304381512694e-10,1.3597399555105187e-16,0.17428328171560617,2200963579742985.5,0.8901511558416471,2.892459367464507e-16
Mr. EVANS-E000296,12.0,3.527384378877138e-08,0.12252828199998994,8.43215115941848e-24,2.9290173231890816e-17,4183255627405525.5,4183255627405525.5,1.829734928622419e-167,1.829734928622419e-167
Mr. PANETTA-P000613,15.0,-7.275957614183426e-11,0.3128469680000001,5.4084402171856915e-11,3.855997652013319e-17,-1.3452968549164266,8113256185118639.0,0.20152731368895685,5.724256336415696e-201
Mr. SIRES-S001165,1.0,1.0591061857479629e-07,0.36789430199996964,inf,inf,0.0,0.0,nan,nan
Mr. MANCHIN-M001183,10.0,-3.259629011154175e-09,0.718582524000001,1.2279734260598315e-09,4.030668560175417e-16,-2.6544784618127015,1782787429112573.5,0.029053241805782008,1.0975429333286133e-119
Mr. LANGEVIN-L000559,14.0,1.1641532182693481e-10,0.2576561829999999,0.0,0.0,inf,inf,0.0,0.0
Ms. SCHAKOWSKY-S001145,5.0,3.884229206910029e-08,0.13492375099998885,3.99518308162162e-24,1.3877787807813309e-17,9722280875632474.0,9722280875632474.0,6.715503748001172e-64,6.715503748001172e-64
Mr. DAVID SCOTT of Georgia-S001157,4.0,1.1641532182693481e-10,0.43368092799999997,0.0,0.0,inf,inf,0.0,0.0
Mr. MERKLEY-M001176,87.0,5.4569682106375694e-11,0.06585659500000003,3.080800803185911e-11,1.1489387142136223e-17,1.7712823902780153,5731950206332355.0,0.08009810606661356,0.0
Mr. KENNEDY-K000379,1.0,9.70169381885728e-08,0.3370009469999722,inf,inf,0.0,0.0,nan,nan
Ms. PINGREE-P000597,2.0,7.935206138822415e-08,0.27563970099997726,3.196146465297294e-23,1.1102230246250647e-16,2482741709424230.0,2482741709424230.5,2.564180437904751e-16,2.5641804379047506e-16
Mr. POCAN-P000607,8.0,0.0,0.166582927,0.0,0.0,nan,inf,nan,0.0
Ms. JACKSON LEE-J000032,114.0,1.127773430198431e-10,0.18346278800000002,2.533394120270083e-11,1.212333350767877e-17,4.451630408292729,1.5133031511819496e+16,2.0241841209108147e-05,0.0
Mr. BISHOP of Georgia-B000490,17.0,-5.820766091346741e-11,0.43537782000000036,4.226339598157437e-10,1.8428444405551057e-16,-0.1377259436010402,2362531586599110.5,0.8922887851675627,3.3626495804704586e-223
Mr. RUSH-R000515,6.0,8.344351125479003e-08,0.2898518839999762,2.858720304980173e-23,9.930136612988277e-17,2918911343282628.5,2918911343282628.0,8.957758307262449e-77,8.957758307262449e-77
Mr. CARDENAS-C001097,1.0,8.88889809795443e-08,0.3087674309999745,inf,inf,0.0,0.0,nan,nan
Ms. WILSON of Florida-W000808,1.0,6.624238131291502e-08,0.230101522999981,inf,inf,0.0,0.0,nan,nan
Mr. WELCH-W000800,3.0,2.3283064365386963e-10,0.31118917,5.784756007543025e-10,2.3551386880256624e-16,0.4024899984550263,1321319935773604.8,0.756396754818797,4.818059238581411e-16
Ms. ADAMS-A000370,11.0,8.147629137241922e-08,0.28301848999997664,1.0107102565835771e-23,3.510833468576411e-17,8061290646028170.0,8061290646028172.0,2.1235123296888916e-155,2.1235123296888916e-155
Ms. HASSAN-H001076,8.0,-2.9103830456733704e-11,0.19898343400000004,1.1329823569152114e-10,4.612693393018043e-17,-0.256878055329786,4313823119073757.0,0.805854686606901,1.0474414861132429e-92
Mr. BROWN-B000944,28.0,-2.9103830456733704e-11,0.172670071,1.9621827937366302e-11,6.224670239556667e-18,-1.4832374715360033,2.773963348334705e+16,0.15003300926025293,0.0
Mr. SCHIFF-S001150,6.0,7.51187515653592e-08,0.2609347489999786,2.858720304980173e-23,9.930136612988277e-17,2627705530845215.0,2627705530845214.5,1.5150270460572297e-76,1.515027046057316e-76
Mr. WALZ-W000799,24.0,2.6193447411060333e-10,0.444852036,1.358704290085516e-10,5.296172319829866e-17,1.9278254732979268,8399500792947960.0,0.06688444966824997,0.0
Ms. BORDALLO-B001245,2.0,1.0470401568387239e-07,0.36370300999996996,3.196146465297294e-23,1.1102230246250647e-16,3275945480619055.0,3275945480619056.0,1.9433161392151108e-16,1.9433161392151103e-16
Mr. QUIGLEY-Q000023,8.0,-5.820766091346741e-11,0.23536183300000005,1.1901429742362996e-10,4.017602164595155e-17,-0.4890812463168013,5858266283160392.0,0.642147207118274,1.6698948404695823e-93
Mr. GOTTHEIMER-G000583,11.0,-9.313225746154785e-10,0.5324601300000003,4.0447355234777096e-10,1.3136335981433196e-16,-2.302554936434303,4053338242509750.0,0.04680330609437099,1.7240712723780281e-137
Ms. BONAMICI-B001278,8.0,-2.3283064365386963e-10,0.24320896600000014,1.6699152190756352e-10,7.601177430610146e-17,-1.394266253724849,3199622271946858.0,0.21267909273815153,6.29088151861014e-92
Mr. GUTIERREZ-G000535,13.0,-8.731149137020111e-11,0.1328077560000001,3.2020456361768396e-10,1.0226623691696767e-16,-0.27267410053046215,1298647139112293.8,0.7901545916623038,7.089960697905843e-162
Mr. KILMER-K000381,5.0,1.1122351142751764e-07,0.3863493259999681,1.598073232648648e-23,5.5511151231253236e-17,6959850722433770.0,6959850722433770.0,2.5571226037777013e-63,2.5571226037777013e-63
Mr. BLUMENTHAL-B001277,21.0,1.7462298274040222e-10,0.1604773419999999,1.0386310262708954e-10,3.1964926370388944e-17,1.6812802460501226,5020419573018627.0,0.1090733670972592,1.2329640983514517e-287
Mrs. LAWRENCE-L000581,6.0,7.21787380924219e-08,0.2507222299999794,2.14404022873513e-23,7.447602459741208e-17,3366482453316817.0,3366482453316816.5,4.389571078651195e-77,4.389571078651195e-77
Mr. LAWSON of Florida-L000586,3.0,-2.3283064365386963e-10,0.354457527,5.784756007543025e-10,2.3551386880256624e-16,-0.4024899984550263,1505038870119133.0,0.756396754818797,4.229922462515463e-16
Mr. DeFAZIO-D000191,19.0,-2.3283064365386963e-10,0.37714583199999996,4.3243654388935444e-10,1.3395945461899994e-16,-0.5384157443304397,2815373002769063.5,0.5972700662047582,1.2503667239800948e-253
Mr. O'HALLERAN-O000171,3.0,1.3455376853607363e-07,0.4673900069999615,5.650042098192834e-23,1.9626155733545572e-16,2381464884644145.5,2381464884644146.0,1.7632408376547914e-31,1.7632408376547907e-31
Ms. HANABUSA-H001050,3.0,7.747243661529232e-08,0.26911057999997784,3.3900252589157e-23,1.1775693440127343e-16,2285305586191174.5,2285305586191174.5,1.9147471755077882e-31,1.9147471755077882e-31
Mr. MURPHY-M001169,29.0,-5.238689482212067e-10,0.17312910200000012,1.4880813114067177e-10,4.903835631625262e-17,-3.5204322788381854,3530483380875890.0,0.001549825471120791,0.0
Miss RICE of New York-R000602,2.0,1.1064788132298718e-07,0.38434979999996827,3.196146465297294e-23,1.1102230246250647e-16,3461915232119849.0,3461915232119850.0,1.8389236295013417e-16,1.8389236295013412e-16
Ms. MATSUI-M001163,2.0,9.917087283331019e-08,0.3444829189999715,1.598073232648647e-23,5.5511151231253236e-17,6205652582575602.0,6205652582575603.0,1.0258707910189807e-16,1.0258707910189805e-16
Mr. PRICE of North Carolina-P000523,9.0,1.1641532182693481e-10,0.3451063100000001,4.63812322420892e-10,1.5418001871423696e-16,0.25099661263698025,2238333558900606.2,0.8090251210368166,9.382132434151693e-106
Mr. MICHAEL F. DOYLE of Pennsylvania-D000482,8.0,-1.1641532182693481e-10,0.3958294000000001,2.380285948472599e-10,8.03520432919031e-17,-0.4890812463168013,4926189599958648.0,0.642147207118274,4.723207601054623e-93
Mr. McGOVERN-M000312,59.0,-1.4551915228366852e-11,0.11628526899999991,8.75191900997344e-11,3.280150174027781e-17,-0.16627113678478855,3545120278966076.5,0.868531975489273,0.0
Mr. CARBAJAL-C001112,4.0,8.73287808430878e-08,0.303347872999975,2.7679440331632985e-23,9.614813431917028e-17,3155005296233738.0,3155005296233737.5,7.022155917043973e-47,7.022155917043973e-47
Mr. HIMES-H001047,3.0,1.1641532182693481e-10,0.4108532109999997,1.6361760801773175e-09,8.158439733063116e-16,0.07115085181682801,503592873690008.06,0.9547801657925566,1.2641556416452773e-15
Mr. McNERNEY-M001166,6.0,7.602094552384059e-08,0.2640686369999783,2.14404022873513e-23,7.447602459741208e-17,3545686527005555.5,3545686527005554.5,3.3868984562227773e-77,3.3868984562227773e-77
Ms. ROYBAL-ALLARD-R000486,12.0,2.1827872842550278e-11,0.2528220060000001,4.100615990826367e-11,5.043093015624784e-17,0.5323071677860639,5013233053935219.0,0.6061374236180322,2.4542660487213746e-153
Ms. SHEA-PORTER-S001170,1.0,7.193614460952357e-08,0.24987954999997936,inf,inf,0.0,0.0,nan,nan
Ms. WARREN-W000817,31.0,0.0,0.22513464900000005,6.055595355926133e-11,2.3220618757853462e-17,0.0,9695462956767984.0,1.0,0.0
Ms. SANCHEZ-S001156,5.0,9.35556443835334e-08,0.32497769299997314,7.99036616324324e-24,2.7755575615626618e-17,1.1708555336788188e+16,1.1708555336788188e+16,3.192552141800591e-64,3.192552141800591e-64
Mr. NEAL-N000015,23.0,2.3283064365386963e-10,0.43537211500000006,2.6948483167518864e-10,9.150858493567362e-17,0.8639842257782491,4757718800985141.0,0.39735797531673056,7.826915e-317
Mr. LOWENTHAL-L000579,4.0,7.507238076593608e-08,0.26077367399997853,1.8452960221088657e-23,6.409875621278019e-17,4068310984605108.0,4068310984605108.0,3.275128287645207e-47,3.275128287645207e-47
Ms. MICHELLE LUJAN GRISHAM of New Mexico-L000580,8.0,2.9103830456733704e-11,0.2712515739999999,2.2621807456230022e-10,1.151247646913794e-16,0.1286538686753721,2356153124196668.5,0.9018356694827577,3.9453242716415323e-91
Ms. McCOLLUM-M001143,10.0,5.406132921467871e-08,0.1877890549999845,5.3269107754954924e-24,1.850371707708441e-17,1.014872061746709e+16,1.0148720617467094e+16,4.458298654951977e-141,4.458298654951977e-141
Mr. SMITH of Washington-S000510,8.0,-5.820766091346741e-11,0.23463867100000002,0.0,0.0,-inf,inf,0.0,0.0
Miss RICE-R000602,1.0,1.1064788132298727e-07,0.38434979999996827,inf,inf,0.0,0.0,nan,nan
Ms. NORTON-N000147,16.0,1.4551915228366852e-11,0.032531037000000006,3.8956573337555166e-11,1.3150690022482674e-17,0.37354197203834716,2473713314235551.0,0.7143408059639635,6.872780244084296e-209
