meet  session,570,2,2587100,3473628,6.34E-14
cornyn  follow,198,1,2587472,3473629,6.32E-14
hear  entitl,196,1,2587474,3473629,6.32E-14
senat  wednesday,180,1,2587490,3473629,6.31E-14
purpos  debat,169,1,2587501,3473629,6.31E-14
senat  permit,160,1,2587510,3473629,6.31E-14
speak  therein,159,1,2587511,3473629,6.31E-14
senat  tuesday,155,1,2587515,3473629,6.30E-14
follow  prayer,155,1,2587515,3473629,6.30E-14
therein  10,150,1,2587520,3473629,6.30E-14
wilson  south,149,1,2587521,3473629,6.30E-14
complet  busi,146,1,2587524,3473629,6.30E-14
reserv  day,145,1,2587525,3473629,6.30E-14
senat  thursday,145,1,2587525,3473629,6.30E-14
stand  adjourn,144,1,2587526,3473629,6.30E-14
move  proce,139,1,2587531,3473629,6.30E-14
adjourn  previous,139,1,2587531,3473629,6.30E-14
consent  stand,138,1,2587532,3473629,6.30E-14
democrat  friend,138,1,2587532,3473629,6.30E-14
preambl  agre,130,1,2587540,3473629,6.29E-14
agre  preambl,128,1,2587542,3473629,6.29E-14
rule  xxvi,126,1,2587544,3473629,6.29E-14
proce  consider,123,1,2587547,3473629,6.29E-14
2017  10,243,2,2587427,3473628,6.29E-14
xxvi  paragraph,118,1,2587552,3473629,6.28E-14
bishop  utah,114,1,2587556,3473629,6.28E-14
materi  bill,213,2,2587457,3473628,6.27E-14
submit  earlier,106,1,2587564,3473629,6.27E-14
930  am,105,1,2587565,3473629,6.27E-14
bradi  texa,208,2,2587462,3473628,6.27E-14
poe  texa,206,2,2587464,3473628,6.27E-14
senat  resum,100,1,2587570,3473629,6.27E-14
debat  confirm,96,1,2587574,3473629,6.26E-14
johnson  louisiana,92,1,2587578,3473629,6.26E-14
yield  purpos,88,1,2587582,3473629,6.25E-14
consider  follow,87,1,2587583,3473629,6.25E-14
mccarthi  thank,86,1,2587584,3473629,6.25E-14
relat  nomin,83,1,2587587,3473629,6.24E-14
bless  troop,83,1,2587587,3473629,6.24E-14
carter  texa,82,1,2587588,3473629,6.24E-14
debat  leav,81,1,2587589,3473629,6.24E-14
forget  septemb,81,1,2587589,3473629,6.24E-14
period  morn,161,2,2587509,3473628,6.24E-14
follow  leader,161,2,2587509,3473628,6.24E-14
time  roe,77,1,2587593,3473629,6.23E-14
calvert  chairman,76,1,2587594,3473629,6.23E-14
comstock  rise,74,1,2587596,3473629,6.23E-14
buck  yield,72,1,2587598,3473629,6.22E-14
thompson  pennsylvania,284,4,2587386,3473626,6.22E-14
forti  40,71,1,2587599,3473629,6.22E-14
doubl  child,70,1,2587600,3473629,6.22E-14
black  chairman,69,1,2587601,3473629,6.22E-14
final  follow,68,1,2587602,3473629,6.21E-14
pm  monday,66,1,2587604,3473629,6.21E-14
hatch  presid,130,2,2587540,3473628,6.21E-14
current  consider,65,1,2587605,3473629,6.21E-14
smith  jersey,65,1,2587605,3473629,6.21E-14
des  moin,129,2,2587541,3473628,6.21E-14
nomin  execut,64,1,2587606,3473629,6.20E-14
consider  res,124,2,2587546,3473628,6.20E-14
consid  calendar,61,1,2587609,3473629,6.20E-14
obamacar  tax,60,1,2587610,3473629,6.19E-14
approv  major,115,2,2587555,3473628,6.19E-14
consider  calendar,110,2,2587560,3473628,6.18E-14
paus  recogn,55,1,2587615,3473629,6.18E-14
215  pm,54,1,2587616,3473629,6.17E-14
date  time,157,3,2587513,3473627,6.17E-14
affair  author,102,2,2587568,3473628,6.16E-14
consent  hous,51,1,2587619,3473629,6.16E-14
earn  prestigi,51,1,2587619,3473629,6.16E-14
obamacar  premium,51,1,2587619,3473629,6.16E-14
resolut  agre,152,3,2587518,3473627,6.16E-14
consid  agre,50,1,2587620,3473629,6.16E-14
senat  complet,148,3,2587522,3473627,6.15E-14
mandatori  quorum,49,1,2587621,3473629,6.15E-14
commun  notabl,49,1,2587621,3473629,6.15E-14
curbelo  florida,49,1,2587621,3473629,6.15E-14
motion  reconsid,488,10,2587182,3473620,6.15E-14
effort  forth,48,1,2587622,3473629,6.15E-14
vote  relat,48,1,2587622,3473629,6.15E-14
commend  hard,48,1,2587622,3473629,6.15E-14
laid  tabl,475,10,2587195,3473620,6.15E-14
consid  laid,475,10,2587195,3473620,6.15E-14
reconsid  consid,471,10,2587199,3473620,6.15E-14
mcclintock  chairman,47,1,2587623,3473629,6.14E-14
congratul  moment,46,1,2587624,3473629,6.14E-14
accomplish  boy,45,1,2587625,3473629,6.13E-14
memori  armi,45,1,2587625,3473629,6.13E-14
septemb  11th,89,2,2587581,3473628,6.13E-14
agre  motion,177,4,2587493,3473626,6.13E-14
senat  recess,44,1,2587626,3473629,6.13E-14
tennesse  yield,87,2,2587583,3473628,6.13E-14
senat  period,130,3,2587540,3473627,6.12E-14
airr  act,43,1,2587627,3473629,6.12E-14
austin  scott,43,1,2587627,3473629,6.12E-14
exchang  letter,42,1,2587628,3473629,6.12E-14
anniversari  commit,42,1,2587628,3473629,6.12E-14
dirksen  senat,125,3,2587545,3473627,6.12E-14
move  previ,82,2,2587588,3473628,6.11E-14
am  thursday,41,1,2587629,3473629,6.11E-14
wednesday  october,41,1,2587629,3473629,6.11E-14
quest  resolut,81,2,2587589,3473628,6.11E-14
home  championship,40,1,2587630,3473629,6.10E-14
king  iowa,118,3,2587552,3473627,6.10E-14
util  talent,39,1,2587631,3473629,6.10E-14
obamacar  individu,39,1,2587631,3473629,6.10E-14
servic  author,77,2,2587593,3473628,6.09E-14
day  morn,115,3,2587555,3473627,6.09E-14
today  session,229,6,2587441,3473624,6.09E-14
congress  pride,76,2,2587594,3473628,6.09E-14
am  tuesday,38,1,2587632,3473629,6.09E-14
1230  pm,38,1,2587632,3473629,6.09E-14
clerk  suprem,38,1,2587632,3473629,6.09E-14
mccain  presid,113,3,2587557,3473627,6.09E-14
profession  award,37,1,2587633,3473629,6.08E-14
roe  tennesse,295,8,2587375,3473622,6.08E-14
paincap  unborn,72,2,2587598,3473628,6.08E-14
sacrific  defend,72,2,2587598,3473628,6.08E-14
review  provis,36,1,2587634,3473629,6.08E-14
chief  sponsor,36,1,2587634,3473629,6.08E-14
export  control,36,1,2587634,3473629,6.08E-14
dedic  shown,35,1,2587635,3473629,6.07E-14
housesen  confer,35,1,2587635,3473629,6.07E-14
committe  intent,35,1,2587635,3473629,6.07E-14
rebuild  militari,102,3,2587568,3473627,6.06E-14
staff  pleasur,34,1,2587636,3473629,6.06E-14
consent  resolut,134,4,2587536,3473626,6.05E-14
commend  presid,33,1,2587637,3473629,6.05E-14
home  wyom,33,1,2587637,3473629,6.05E-14
thank  busi,33,1,2587637,3473629,6.05E-14
session  period,33,1,2587637,3473629,6.05E-14
opposit  motion,33,1,2587637,3473629,6.05E-14
appreci  respons,33,1,2587637,3473629,6.05E-14
permit  speak,161,5,2587509,3473625,6.04E-14
leader  remark,192,6,2587478,3473624,6.04E-14
illeg  alien,96,3,2587574,3473627,6.04E-14
endeavor  wish,32,1,2587638,3473629,6.04E-14
capito  presid,32,1,2587638,3473629,6.04E-14
armi  depot,32,1,2587638,3473629,6.04E-14
onethird  counti,32,1,2587638,3473629,6.04E-14
conduct  hear,248,8,2587422,3473622,6.03E-14
sent  chairman,31,1,2587639,3473629,6.03E-14
reflect  effort,31,1,2587639,3473629,6.03E-14
propos  sale,31,1,2587639,3473629,6.03E-14
billion  hour,31,1,2587639,3473629,6.03E-14
hous  attent,31,1,2587639,3473629,6.03E-14
acting  solicitor,31,1,2587639,3473629,6.03E-14
gentleman  kansa,31,1,2587639,3473629,6.03E-14
count  postclotur,30,1,2587640,3473629,6.02E-14
medicaid  sustain,30,1,2587640,3473629,6.02E-14
pro  forma,30,1,2587640,3473629,6.02E-14
upton  chairman,30,1,2587640,3473629,6.02E-14
boy  town,30,1,2587640,3473629,6.02E-14
forma  session,30,1,2587640,3473629,6.02E-14
illicit  financ,30,1,2587640,3473629,6.02E-14
receiv  cover,30,1,2587640,3473629,6.02E-14
design  thank,30,1,2587640,3473629,6.02E-14
keep  committe,30,1,2587640,3473629,6.02E-14
pursuant  rule,118,4,2587552,3473626,6.01E-14
meet  9,29,1,2587641,3473629,6.00E-14
sixth  district,29,1,2587641,3473629,6.00E-14
poverti  tax,29,1,2587641,3473629,6.00E-14
tennesse  alexand,29,1,2587641,3473629,6.00E-14
simpler  fairer,29,1,2587641,3473629,6.00E-14
gentlewoman  missouri,29,1,2587641,3473629,6.00E-14
buck  counti,113,4,2587557,3473626,6.00E-14
bad  judg,28,1,2587642,3473629,5.99E-14
louisiana  chairman,28,1,2587642,3473629,5.99E-14
increas  takehom,28,1,2587642,3473629,5.99E-14
divis  ii,28,1,2587642,3473629,5.99E-14
profound  honor,28,1,2587642,3473629,5.99E-14
sergeant  class,55,2,2587615,3473628,5.99E-14
scott  palk,27,1,2587643,3473629,5.98E-14
call  respect,27,1,2587643,3473629,5.98E-14
home  kentucki,27,1,2587643,3473629,5.98E-14
worker  commit,27,1,2587643,3473629,5.98E-14
record  consider,27,1,2587643,3473629,5.98E-14
smith  missouri,27,1,2587643,3473629,5.98E-14
dedic  worker,27,1,2587643,3473629,5.98E-14
liber  media,27,1,2587643,3473629,5.98E-14
scout  project,53,2,2587617,3473628,5.97E-14
follow  committe,105,4,2587565,3473626,5.97E-14
statem  relat,78,3,2587592,3473627,5.96E-14
delawar  counti,52,2,2587618,3473628,5.96E-14
outdat  tax,52,2,2587618,3473628,5.96E-14
world  busi,26,1,2587644,3473629,5.96E-14
crest  retreat,26,1,2587644,3473629,5.96E-14
award  wish,26,1,2587644,3473629,5.96E-14
tennesse  madam,26,1,2587644,3473629,5.96E-14
senat  proce,567,22,2587103,3473608,5.96E-14
committe  armed,128,5,2587542,3473625,5.96E-14
105  percent,51,2,2587619,3473628,5.96E-14
frelinghuysen  chairman,51,2,2587619,3473628,5.96E-14
adopt  measur,50,2,2587620,3473628,5.95E-14
council  bluff,50,2,2587620,3473628,5.95E-14
perri  chairman,25,1,2587645,3473629,5.95E-14
bibl  week,25,1,2587645,3473629,5.95E-14
competit  rest,25,1,2587645,3473629,5.95E-14
georgia  carter,25,1,2587645,3473629,5.95E-14
herrera  beutler,25,1,2587645,3473629,5.95E-14
committeereport  amend,25,1,2587645,3473629,5.95E-14
patientcent  healthcar,25,1,2587645,3473629,5.95E-14
chabot  chairman,25,1,2587645,3473629,5.95E-14
obamacar  system,25,1,2587645,3473629,5.95E-14
ohio  chabot,25,1,2587645,3473629,5.95E-14
star  mother,25,1,2587645,3473629,5.95E-14
affair  discharg,25,1,2587645,3473629,5.95E-14
21st  district,49,2,2587621,3473628,5.94E-14
interven  action,268,11,2587402,3473619,5.94E-14
rule  xxii,73,3,2587597,3473627,5.94E-14
pride  recogn,96,4,2587574,3473626,5.93E-14
merit  badg,72,3,2587598,3473627,5.93E-14
achiev  distinct,48,2,2587622,3473628,5.93E-14
mail  system,24,1,2587646,3473629,5.93E-14
file  frivol,24,1,2587646,3473629,5.93E-14
gosar  chairman,24,1,2587646,3473629,5.93E-14
memori  websit,24,1,2587646,3473629,5.93E-14
nebraska  chairman,24,1,2587646,3473629,5.93E-14
central  texa,24,1,2587646,3473629,5.93E-14
fenc  wall,24,1,2587646,3473629,5.93E-14
record  2000,24,1,2587646,3473629,5.93E-14
debat  2,24,1,2587646,3473629,5.93E-14
leader  40,24,1,2587646,3473629,5.93E-14
peer  commun,47,2,2587623,3473628,5.92E-14
forc  buy,47,2,2587623,3473628,5.92E-14
committe  bank,69,3,2587601,3473627,5.91E-14
famili  peer,46,2,2587624,3473628,5.91E-14
reform  framework,23,1,2587647,3473629,5.91E-14
god  countri,23,1,2587647,3473629,5.91E-14
colorado  extend,23,1,2587647,3473629,5.91E-14
jersey  lanc,23,1,2587647,3473629,5.91E-14
decid  base,23,1,2587647,3473629,5.91E-14
bluff  iowa,23,1,2587647,3473629,5.91E-14
moin  iowa,23,1,2587647,3473629,5.91E-14
morn  hour,178,8,2587492,3473622,5.90E-14
follow  nomin,133,6,2587537,3473624,5.90E-14
11:00 AM,44,2,2587626,3473628,5.89E-14
hard  throughout,44,2,2587626,3473628,5.89E-14
continu  love,44,2,2587626,3473628,5.89E-14
committe  discharg,44,2,2587626,3473628,5.89E-14
22nd  district,22,1,2587648,3473629,5.89E-14
obamacar  look,22,1,2587648,3473629,5.89E-14
shimkus  chairman,22,1,2587648,3473629,5.89E-14
granger  chairman,22,1,2587648,3473629,5.89E-14
time  perri,22,1,2587648,3473629,5.89E-14
letter  confirm,22,1,2587648,3473629,5.89E-14
obamacar  subsidi,22,1,2587648,3473629,5.89E-14
mac  thornberri,22,1,2587648,3473629,5.89E-14
seen  premium,22,1,2587648,3473629,5.89E-14
consent  senat,723,33,2586947,3473597,5.89E-14
busi  senat,307,14,2587363,3473616,5.89E-14
10:00 AM,350,16,2587320,3473614,5.89E-14
avail  senat,65,3,2587605,3473627,5.88E-14
championship  school,43,2,2587627,3473628,5.88E-14
forward  confirm,43,2,2587627,3473628,5.88E-14
mccaul  chairman,43,2,2587627,3473628,5.88E-14
commun  eagl,43,2,2587627,3473628,5.88E-14
tax  penalti,64,3,2587606,3473627,5.88E-14
tabl  interven,149,7,2587521,3473623,5.88E-14
request  committe,127,6,2587543,3473624,5.87E-14
senat  mississippi,42,2,2587628,3473628,5.87E-14
obamacar  american,42,2,2587628,3473628,5.87E-14
professor  biba,42,2,2587628,3473628,5.87E-14
commit  grow,42,2,2587628,3473628,5.87E-14
seek  appoint,21,1,2587649,3473629,5.87E-14
judiciari  discharg,21,1,2587649,3473629,5.87E-14
trent  frank,21,1,2587649,3473629,5.87E-14
marin  academi,21,1,2587649,3473629,5.87E-14
reassign  surgeri,21,1,2587649,3473629,5.87E-14
california  lamalfa,21,1,2587649,3473629,5.87E-14
assign  1st,21,1,2587649,3473629,5.87E-14
southern  tier,21,1,2587649,3473629,5.87E-14
life  sacr,21,1,2587649,3473629,5.87E-14
auburn  univers,21,1,2587649,3473629,5.87E-14
project  proud,21,1,2587649,3473629,5.87E-14
heartbeat  bill,21,1,2587649,3473629,5.87E-14
session  senat,775,37,2586895,3473593,5.87E-14
action  debat,270,13,2587400,3473617,5.87E-14
consent  bill,83,4,2587587,3473626,5.86E-14
cherish  honor,41,2,2587629,3473628,5.86E-14
obamacar  failur,41,2,2587629,3473628,5.86E-14
love  cherish,40,2,2587630,3473628,5.85E-14
mainstream  media,40,2,2587630,3473628,5.85E-14
jim  bun,40,2,2587630,3473628,5.85E-14
posit  attitud,20,1,2587650,3473629,5.85E-14
understand  job,20,1,2587650,3473629,5.85E-14
grow  hire,20,1,2587650,3473629,5.85E-14
1st  marin,20,1,2587650,3473629,5.85E-14
joe  balash,20,1,2587650,3473629,5.85E-14
regul  washington,20,1,2587650,3473629,5.85E-14
protect  unborn,20,1,2587650,3473629,5.85E-14
flow  illeg,20,1,2587650,3473629,5.85E-14
committeereport  substitut,20,1,2587650,3473629,5.85E-14
mine  associat,20,1,2587650,3473629,5.85E-14
36  paincap,20,1,2587650,3473629,5.85E-14
mosquito  control,20,1,2587650,3473629,5.85E-14
nomin  list,20,1,2587650,3473629,5.85E-14
plan  doctor,20,1,2587650,3473629,5.85E-14
babi  protect,20,1,2587650,3473629,5.85E-14
cajun  navi,20,1,2587650,3473629,5.85E-14
past  bring,39,2,2587631,3473628,5.83E-14
east  texa,58,3,2587612,3473627,5.83E-14
consid  read,152,8,2587518,3473622,5.82E-14
close  hear,38,2,2587632,3473628,5.82E-14
regul  cost,38,2,2587632,3473628,5.82E-14
peopl  alaska,38,2,2587632,3473628,5.82E-14
hold  meet,38,2,2587632,3473628,5.82E-14
congression  veteran,38,2,2587632,3473628,5.82E-14
time  obamacar,19,1,2587651,3473629,5.82E-14
school  marin,19,1,2587651,3473629,5.82E-14
time  issa,19,1,2587651,3473629,5.82E-14
cost  obamacar,19,1,2587651,3473629,5.82E-14
yes  rule,19,1,2587651,3473629,5.82E-14
respect  appoint,19,1,2587651,3473629,5.82E-14
win  class,19,1,2587651,3473629,5.82E-14
thursday  april,19,1,2587651,3473629,5.82E-14
fort  smith,19,1,2587651,3473629,5.82E-14
plan  like,19,1,2587651,3473629,5.82E-14
arizona  bigg,19,1,2587651,3473629,5.82E-14
floor  blunt,19,1,2587651,3473629,5.82E-14
involv  bill,19,1,2587651,3473629,5.82E-14
base  eros,19,1,2587651,3473629,5.82E-14
healthi  forest,19,1,2587651,3473629,5.82E-14
respons  acknowledg,19,1,2587651,3473629,5.82E-14
shuster  chairman,19,1,2587651,3473629,5.82E-14
obamacar  isnt,19,1,2587651,3473629,5.82E-14
am  session,19,1,2587651,3473629,5.82E-14
presid  move,188,10,2587482,3473620,5.81E-14
proce  legisl,94,5,2587576,3473625,5.81E-14
pass  motion,130,7,2587540,3473623,5.81E-14
speaker  approv,37,2,2587633,3473628,5.81E-14
thornberri  chairman,37,2,2587633,3473628,5.81E-14
hon  michael,37,2,2587633,3473628,5.81E-14
rule  demand,37,2,2587633,3473628,5.81E-14
receiv  prior,37,2,2587633,3473628,5.81E-14
neal  katyal,37,2,2587633,3473628,5.81E-14
memori  fallen,37,2,2587633,3473628,5.81E-14
fischer  presid,37,2,2587633,3473628,5.81E-14
build  committe,55,3,2587615,3473627,5.80E-14
deduct  doubl,55,3,2587615,3473627,5.80E-14
3:00 PM,55,3,2587615,3473627,5.80E-14
obamacar  fail,91,5,2587579,3473625,5.80E-14
liu  xiaobo,54,3,2587616,3473627,5.79E-14
california  move,36,2,2587634,3473628,5.79E-14
build  hold,36,2,2587634,3473628,5.79E-14
pass  obamacar,36,2,2587634,3473628,5.79E-14
school  trust,18,1,2587652,3473629,5.79E-14
democrat  forc,18,1,2587652,3473629,5.79E-14
experi  extend,18,1,2587652,3473629,5.79E-14
kern  counti,18,1,2587652,3473629,5.79E-14
aderholt  chairman,18,1,2587652,3473629,5.79E-14
freedom  flexibl,18,1,2587652,3473629,5.79E-14
actual  buy,18,1,2587652,3473629,5.79E-14
fort  campbel,18,1,2587652,3473629,5.79E-14
alloftheabov  energi,18,1,2587652,3473629,5.79E-14
missouri  luetkemey,18,1,2587652,3473629,5.79E-14
sign  obamacar,18,1,2587652,3473629,5.79E-14
bill  upton,18,1,2587652,3473629,5.79E-14
artwork  display,18,1,2587652,3473629,5.79E-14
pillar  american,18,1,2587652,3473629,5.79E-14
buy  obamacar,18,1,2587652,3473629,5.79E-14
2015  standard,18,1,2587652,3473629,5.79E-14
bishop  chairman,18,1,2587652,3473629,5.79E-14
democrat  obstruct,18,1,2587652,3473629,5.79E-14
louisiana  thank,18,1,2587652,3473629,5.79E-14
arkansa  westerman,18,1,2587652,3473629,5.79E-14
clemson  univers,18,1,2587652,3473629,5.79E-14
1st  lt,18,1,2587652,3473629,5.79E-14
debat  yield,89,5,2587581,3473625,5.78E-14
colleagu  unite,229,13,2587441,3473617,5.78E-14
record  floor,35,2,2587635,3473628,5.77E-14
russel  senat,35,2,2587635,3473628,5.77E-14
obamacar  collaps,35,2,2587635,3473628,5.77E-14
discharg  consider,119,7,2587551,3473623,5.76E-14
2:00 PM,102,6,2587568,3473624,5.76E-14
bureaucrat  washington,51,3,2587619,3473627,5.76E-14
530  pm,51,3,2587619,3473627,5.76E-14
consent  committeereport,34,2,2587636,3473628,5.76E-14
sioux  citi,17,1,2587653,3473629,5.76E-14
independ  judg,17,1,2587653,3473629,5.76E-14
recognit  wish,17,1,2587653,3473629,5.76E-14
tort  reform,17,1,2587653,3473629,5.76E-14
untest  rape,17,1,2587653,3473629,5.76E-14
citi  aurora,17,1,2587653,3473629,5.76E-14
articl  author,17,1,2587653,3473629,5.76E-14
legisl  begin,17,1,2587653,3473629,5.76E-14
request  appreci,17,1,2587653,3473629,5.76E-14
allow  upordown,17,1,2587653,3473629,5.76E-14
commit  repeal,17,1,2587653,3473629,5.76E-14
visit  enjoy,17,1,2587653,3473629,5.76E-14
taxpay  union,17,1,2587653,3473629,5.76E-14
learn  expand,17,1,2587653,3473629,5.76E-14
indiana  messer,17,1,2587653,3473629,5.76E-14
carolina  norman,17,1,2587653,3473629,5.76E-14
cub  scout,17,1,2587653,3473629,5.76E-14
mississippi  nativ,17,1,2587653,3473629,5.76E-14
subcommitte  western,17,1,2587653,3473629,5.76E-14
gener  farmer,17,1,2587653,3473629,5.76E-14
regul  come,17,1,2587653,3473629,5.76E-14
provinc  afghanistan,17,1,2587653,3473629,5.76E-14
hold  subcommitte,17,1,2587653,3473629,5.76E-14
forc  purchas,17,1,2587653,3473629,5.76E-14
build  fenc,17,1,2587653,3473629,5.76E-14
tabl  motion,17,1,2587653,3473629,5.76E-14
suprem  qualifi,17,1,2587653,3473629,5.76E-14
uniqu  innov,17,1,2587653,3473629,5.76E-14
gorsuch  deserv,17,1,2587653,3473629,5.76E-14
sequenti  referr,17,1,2587653,3473629,5.76E-14
3rd  battalion,17,1,2587653,3473629,5.76E-14
bronz  oak,17,1,2587653,3473629,5.76E-14
proce  immedi,219,13,2587451,3473617,5.75E-14
consent  committe,100,6,2587570,3473624,5.75E-14
repres  leader,50,3,2587620,3473627,5.75E-14
materi  record,83,5,2587587,3473625,5.74E-14
tabl  presid,83,5,2587587,3473625,5.74E-14
unelect  unaccount,33,2,2587637,3473628,5.74E-14
postclotur  time,49,3,2587621,3473627,5.73E-14
radic  islam,97,6,2587573,3473624,5.73E-14
senat  follow,129,8,2587541,3473622,5.73E-14
committe  commerc,80,5,2587590,3473625,5.72E-14
obamacar  pass,80,5,2587590,3473625,5.72E-14
time  black,48,3,2587622,3473627,5.72E-14
effort  month,32,2,2587638,3473628,5.72E-14
classifi  annex,32,2,2587638,3473628,5.72E-14
save  expens,16,1,2587654,3473629,5.72E-14
georgia  direct,16,1,2587654,3473629,5.72E-14
carolina  graham,16,1,2587654,3473629,5.72E-14
eastern  montana,16,1,2587654,3473629,5.72E-14
texa  culberson,16,1,2587654,3473629,5.72E-14
recipi  congression,16,1,2587654,3473629,5.72E-14
simpli  refus,16,1,2587654,3473629,5.72E-14
calendar  nomin,16,1,2587654,3473629,5.72E-14
obamaera  regul,16,1,2587654,3473629,5.72E-14
wotus  rule,16,1,2587654,3473629,5.72E-14
iraq  campaign,16,1,2587654,3473629,5.72E-14
filibust  death,16,1,2587654,3473629,5.72E-14
liu  xia,16,1,2587654,3473629,5.72E-14
thursday  hous,16,1,2587654,3473629,5.72E-14
deport  five,16,1,2587654,3473629,5.72E-14
buena  vista,16,1,2587654,3473629,5.72E-14
obamacar  move,16,1,2587654,3473629,5.72E-14
desk  read,16,1,2587654,3473629,5.72E-14
obamacar  congress,16,1,2587654,3473629,5.72E-14
billion  regulatori,16,1,2587654,3473629,5.72E-14
complet  list,16,1,2587654,3473629,5.72E-14
increas  obamacar,16,1,2587654,3473629,5.72E-14
gorsuch  except,16,1,2587654,3473629,5.72E-14
utmost  support,16,1,2587654,3473629,5.72E-14
retail  associat,16,1,2587654,3473629,5.72E-14
nomin  tenth,16,1,2587654,3473629,5.72E-14
nebraska  bacon,16,1,2587654,3473629,5.72E-14
run  machin,16,1,2587654,3473629,5.72E-14
own  request,16,1,2587654,3473629,5.72E-14
repeal  burdensom,16,1,2587654,3473629,5.72E-14
flare  rule,16,1,2587654,3473629,5.72E-14
object  own,16,1,2587654,3473629,5.72E-14
electron  data,16,1,2587654,3473629,5.72E-14
cbo  staff,16,1,2587654,3473629,5.72E-14
school  team,16,1,2587654,3473629,5.72E-14
clinton  counti,16,1,2587654,3473629,5.72E-14
list  announc,16,1,2587654,3473629,5.72E-14
ms13  gang,16,1,2587654,3473629,5.72E-14
overal  tax,16,1,2587654,3473629,5.72E-14
texa  burgess,16,1,2587654,3473629,5.72E-14
time  leader,159,10,2587511,3473620,5.72E-14
time  bradi,47,3,2587623,3473627,5.71E-14
close  follow,62,4,2587608,3473626,5.70E-14
rank  minor,31,2,2587639,3473628,5.70E-14
stipul  senat,31,2,2587639,3473628,5.70E-14
senat  unanim,201,13,2587469,3473617,5.70E-14
regul  impos,46,3,2587624,3473627,5.69E-14
respect  famili,46,3,2587624,3473627,5.69E-14
take  activ,46,3,2587624,3473627,5.69E-14
motion  desk,91,6,2587579,3473624,5.69E-14
duncan  tennesse,45,3,2587625,3473627,5.68E-14
record  wish,30,2,2587640,3473628,5.68E-14
behalf  pennsylvania,30,2,2587640,3473628,5.68E-14
gentleman  nebraska,30,2,2587640,3473628,5.68E-14
obamacar  bill,30,2,2587640,3473628,5.68E-14
hold  close,30,2,2587640,3473628,5.68E-14
meaning  tax,30,2,2587640,3473628,5.68E-14
cole  yield,30,2,2587640,3473628,5.68E-14
histor  averag,15,1,2587655,3473629,5.68E-14
fall  committe,15,1,2587655,3473629,5.68E-14
propos  standard,15,1,2587655,3473629,5.68E-14
team  famili,15,1,2587655,3473629,5.68E-14
hit  3,15,1,2587655,3473629,5.68E-14
peopl  king,15,1,2587655,3473629,5.68E-14
origin  intend,15,1,2587655,3473629,5.68E-14
resolut  reconcili,15,1,2587655,3473629,5.68E-14
nics  list,15,1,2587655,3473629,5.68E-14
obamacar  market,15,1,2587655,3473629,5.68E-14
king  king,15,1,2587655,3473629,5.68E-14
trump  vice,15,1,2587655,3473629,5.68E-14
dee  restrict,15,1,2587655,3473629,5.68E-14
control  manag,15,1,2587655,3473629,5.68E-14
district  kansa,15,1,2587655,3473629,5.68E-14
california  knight,15,1,2587655,3473629,5.68E-14
pay  obamacar,15,1,2587655,3473629,5.68E-14
balanc  10,15,1,2587655,3473629,5.68E-14
compromis  principl,15,1,2587655,3473629,5.68E-14
2nd  district,15,1,2587655,3473629,5.68E-14
travel  tourism,15,1,2587655,3473629,5.68E-14
wife  juli,15,1,2587655,3473629,5.68E-14
polit  militari,15,1,2587655,3473629,5.68E-14
denali  commiss,15,1,2587655,3473629,5.68E-14
percent  quarter,15,1,2587655,3473629,5.68E-14
entrepreneurship  council,15,1,2587655,3473629,5.68E-14
season  yield,15,1,2587655,3473629,5.68E-14
school  histor,15,1,2587655,3473629,5.68E-14
machin  call,15,1,2587655,3473629,5.68E-14
colleg  emergenc,15,1,2587655,3473629,5.68E-14
fighter  wing,15,1,2587655,3473629,5.68E-14
compani  1st,15,1,2587655,3473629,5.68E-14
carter  carter,15,1,2587655,3473629,5.68E-14
texa  hensarl,15,1,2587655,3473629,5.68E-14
coach  associat,15,1,2587655,3473629,5.68E-14
wwii  veteran,15,1,2587655,3473629,5.68E-14
class  4,15,1,2587655,3473629,5.68E-14
solicitor  presid,15,1,2587655,3473629,5.68E-14
burdensom  mandat,15,1,2587655,3473629,5.68E-14
capit  israel,15,1,2587655,3473629,5.68E-14
faith  judg,15,1,2587655,3473629,5.68E-14
buffalo  bill,15,1,2587655,3473629,5.68E-14
missouri  wagner,15,1,2587655,3473629,5.68E-14
asset  america,15,1,2587655,3473629,5.68E-14
confirm  soon,15,1,2587655,3473629,5.68E-14
recogn  offer,15,1,2587655,3473629,5.68E-14
york  tenney,15,1,2587655,3473629,5.68E-14
home  utah,15,1,2587655,3473629,5.68E-14
emergenc  physician,15,1,2587655,3473629,5.68E-14
exchang  obamacar,15,1,2587655,3473629,5.68E-14
resolut  time,89,6,2587581,3473624,5.67E-14
purpos  amend,147,10,2587523,3473620,5.67E-14
author  hold,44,3,2587626,3473627,5.67E-14
armi  sergeant,44,3,2587626,3473627,5.67E-14
ban  list,29,2,2587641,3473628,5.66E-14
seal  team,29,2,2587641,3473628,5.66E-14
texa  poe,29,2,2587641,3473628,5.66E-14
clotur  invok,29,2,2587641,3473628,5.66E-14
eagl  scout,347,24,2587323,3473606,5.66E-14
unborn  child,101,7,2587569,3473623,5.65E-14
obamacar  exchang,115,8,2587555,3473622,5.65E-14
central  york,43,3,2587627,3473627,5.65E-14
brigad  combat,71,5,2587599,3473625,5.64E-14
consider  resolut,84,6,2587586,3473624,5.63E-14
valu  reflect,42,3,2587628,3473627,5.63E-14
michael  mccaul,42,3,2587628,3473627,5.63E-14
clinton  foundat,42,3,2587628,3473627,5.63E-14
cochran  senat,28,2,2587642,3473628,5.63E-14
fort  riley,28,2,2587642,3473628,5.63E-14
wednesday  decemb,28,2,2587642,3473628,5.63E-14
letter  matter,28,2,2587642,3473628,5.63E-14
hard  staff,28,2,2587642,3473628,5.63E-14
athlet  associat,28,2,2587642,3473628,5.63E-14
athlet  academ,28,2,2587642,3473628,5.63E-14
subcommitte  east,14,1,2587656,3473629,5.63E-14
individu  choic,14,1,2587656,3473629,5.63E-14
michigan  district,14,1,2587656,3473629,5.63E-14
indiana  brook,14,1,2587656,3473629,5.63E-14
hill  thank,14,1,2587656,3473629,5.63E-14
reform  gener,14,1,2587656,3473629,5.63E-14
missil  submarin,14,1,2587656,3473629,5.63E-14
restor  constitut,14,1,2587656,3473629,5.63E-14
stop  enabl,14,1,2587656,3473629,5.63E-14
texa  carter,14,1,2587656,3473629,5.63E-14
texa  bradi,14,1,2587656,3473629,5.63E-14
act  braveri,14,1,2587656,3473629,5.63E-14
victim  abus,14,1,2587656,3473629,5.63E-14
constitut  republ,14,1,2587656,3473629,5.63E-14
behalf  rule,14,1,2587656,3473629,5.63E-14
sergeant  william,14,1,2587656,3473629,5.63E-14
sergeant  robert,14,1,2587656,3473629,5.63E-14
associat  class,14,1,2587656,3473629,5.63E-14
wall  china,14,1,2587656,3473629,5.63E-14
institut  mortgag,14,1,2587656,3473629,5.63E-14
excruci  pain,14,1,2587656,3473629,5.63E-14
incom  class,14,1,2587656,3473629,5.63E-14
local  parti,14,1,2587656,3473629,5.63E-14
engine  battalion,14,1,2587656,3473629,5.63E-14
effici  market,14,1,2587656,3473629,5.63E-14
train  mission,14,1,2587656,3473629,5.63E-14
stand  recess,14,1,2587656,3473629,5.63E-14
terror  illicit,14,1,2587656,3473629,5.63E-14
receiv  upordown,14,1,2587656,3473629,5.63E-14
pain  capabl,14,1,2587656,3473629,5.63E-14
dc  april,14,1,2587656,3473629,5.63E-14
expand  choic,14,1,2587656,3473629,5.63E-14
ohio  davidson,14,1,2587656,3473629,5.63E-14
left  endur,14,1,2587656,3473629,5.63E-14
tax  health,14,1,2587656,3473629,5.63E-14
assembl  god,14,1,2587656,3473629,5.63E-14
pennsylvania  smucker,14,1,2587656,3473629,5.63E-14
home  louisiana,14,1,2587656,3473629,5.63E-14
depart  watch,14,1,2587656,3473629,5.63E-14
law  sanctuari,14,1,2587656,3473629,5.63E-14
spirit  am,14,1,2587656,3473629,5.63E-14
game  manag,14,1,2587656,3473629,5.63E-14
5  unit,14,1,2587656,3473629,5.63E-14
temporari  paus,14,1,2587656,3473629,5.63E-14
lower  busi,14,1,2587656,3473629,5.63E-14
restor  hope,14,1,2587656,3473629,5.63E-14
merit  bronz,14,1,2587656,3473629,5.63E-14
obama  2011,14,1,2587656,3473629,5.63E-14
fort  leonard,14,1,2587656,3473629,5.63E-14
largest  sponsor,14,1,2587656,3473629,5.63E-14
energi  renaiss,14,1,2587656,3473629,5.63E-14
wisconsin  duffi,14,1,2587656,3473629,5.63E-14
understand  frustrat,14,1,2587656,3473629,5.63E-14
contribut  agricultur,14,1,2587656,3473629,5.63E-14
deal  cours,14,1,2587656,3473629,5.63E-14
clinton  obama,14,1,2587656,3473629,5.63E-14
expediti  manner,14,1,2587656,3473629,5.63E-14
330  pm,14,1,2587656,3473629,5.63E-14
retail  feder,14,1,2587656,3473629,5.63E-14
market  obamacar,14,1,2587656,3473629,5.63E-14
camp  shelbi,14,1,2587656,3473629,5.63E-14
suspend  rule,412,30,2587258,3473600,5.62E-14
equal  divid,205,15,2587465,3473615,5.62E-14
asset  offic,41,3,2587629,3473627,5.62E-14
sam  johnson,41,3,2587629,3473627,5.62E-14
mutual  understand,54,4,2587616,3473626,5.61E-14
bill  calendar,27,2,2587643,3473628,5.61E-14
devic  tax,27,2,2587643,3473628,5.61E-14
permit  holder,27,2,2587643,3473628,5.61E-14
marin  expeditionari,27,2,2587643,3473628,5.61E-14
busi  close,120,9,2587550,3473621,5.60E-14
loudoun  counti,66,5,2587604,3473625,5.59E-14
read  third,171,13,2587499,3473617,5.59E-14
hous  resolut,288,22,2587382,3473608,5.59E-14
partisan  filibust,104,8,2587566,3473622,5.58E-14
act  sponsor,65,5,2587605,3473625,5.58E-14
accord  associat,39,3,2587631,3473627,5.58E-14
onceinagener  opportun,39,3,2587631,3473627,5.58E-14
involv  success,26,2,2587644,3473628,5.58E-14
hear  subcommitte,26,2,2587644,3473628,5.58E-14
claim  subject,26,2,2587644,3473628,5.58E-14
alabama  hous,26,2,2587644,3473628,5.58E-14
applaud  presid,26,2,2587644,3473628,5.58E-14
averag  individu,26,2,2587644,3473628,5.58E-14
kentucki  barr,26,2,2587644,3473628,5.58E-14
offic  hard,26,2,2587644,3473628,5.58E-14
oversea  seen,13,1,2587657,3473629,5.58E-14
peopl  nicaragua,13,1,2587657,3473629,5.58E-14
2  stand,13,1,2587657,3473629,5.58E-14
nomin  motion,13,1,2587657,3473629,5.58E-14
terror  expeditionari,13,1,2587657,3473629,5.58E-14
percent  obamacar,13,1,2587657,3473629,5.58E-14
texa  histori,13,1,2587657,3473629,5.58E-14
township  polic,13,1,2587657,3473629,5.58E-14
line  street,13,1,2587657,3473629,5.58E-14
reform  economi,13,1,2587657,3473629,5.58E-14
gorsuch  receiv,13,1,2587657,3473629,5.58E-14
christian  jew,13,1,2587657,3473629,5.58E-14
senat  march,13,1,2587657,3473629,5.58E-14
posit  limit,13,1,2587657,3473629,5.58E-14
militari  vehicl,13,1,2587657,3473629,5.58E-14
michigan  bergman,13,1,2587657,3473629,5.58E-14
thank  sheriff,13,1,2587657,3473629,5.58E-14
level  competit,13,1,2587657,3473629,5.58E-14
pope  john,13,1,2587657,3473629,5.58E-14
ii  gener,13,1,2587657,3473629,5.58E-14
restor  freedom,13,1,2587657,3473629,5.58E-14
mcsalli  rise,13,1,2587657,3473629,5.58E-14
pacif  internat,13,1,2587657,3473629,5.58E-14
confirm  cabinet,13,1,2587657,3473629,5.58E-14
name  consid,13,1,2587657,3473629,5.58E-14
basi  law,13,1,2587657,3473629,5.58E-14
obamacar  coverag,13,1,2587657,3473629,5.58E-14
move  embassi,13,1,2587657,3473629,5.58E-14
governor  abbott,13,1,2587657,3473629,5.58E-14
chemistri  council,13,1,2587657,3473629,5.58E-14
scout  award,13,1,2587657,3473629,5.58E-14
amend  withdrawn,13,1,2587657,3473629,5.58E-14
financ  manufactur,13,1,2587657,3473629,5.58E-14
home  iowa,13,1,2587657,3473629,5.58E-14
remov  demot,13,1,2587657,3473629,5.58E-14
kennesaw  mountain,13,1,2587657,3473629,5.58E-14
award  school,13,1,2587657,3473629,5.58E-14
increas  105,13,1,2587657,3473629,5.58E-14
market  left,13,1,2587657,3473629,5.58E-14
combat  tour,13,1,2587657,3473629,5.58E-14
busi  recov,13,1,2587657,3473629,5.58E-14
streamlin  permit,13,1,2587657,3473629,5.58E-14
nation  march,13,1,2587657,3473629,5.58E-14
undermin  peac,13,1,2587657,3473629,5.58E-14
antiisrael  resolut,13,1,2587657,3473629,5.58E-14
heart  obamacar,13,1,2587657,3473629,5.58E-14
qualifi  suprem,13,1,2587657,3473629,5.58E-14
applaud  chairman,13,1,2587657,3473629,5.58E-14
alaska  murkowski,13,1,2587657,3473629,5.58E-14
maximum  flexibl,13,1,2587657,3473629,5.58E-14
regul  caus,13,1,2587657,3473629,5.58E-14
privaci  regul,13,1,2587657,3473629,5.58E-14
relief  plan,13,1,2587657,3473629,5.58E-14
southwest  missouri,13,1,2587657,3473629,5.58E-14
colorado  coffman,13,1,2587657,3473629,5.58E-14
chines  communist,13,1,2587657,3473629,5.58E-14
obamacar  creat,13,1,2587657,3473629,5.58E-14
38th  anniversari,13,1,2587657,3473629,5.58E-14
forens  evid,13,1,2587657,3473629,5.58E-14
sullivan  counti,13,1,2587657,3473629,5.58E-14
excel  exampl,13,1,2587657,3473629,5.58E-14
move  headquart,13,1,2587657,3473629,5.58E-14
guarante  issu,13,1,2587657,3473629,5.58E-14
impos  own,13,1,2587657,3473629,5.58E-14
enhanc  child,13,1,2587657,3473629,5.58E-14
enforc  women,13,1,2587657,3473629,5.58E-14
revenu  govern,13,1,2587657,3473629,5.58E-14
cobb  counti,13,1,2587657,3473629,5.58E-14
countri  studi,13,1,2587657,3473629,5.58E-14
mortgag  relief,13,1,2587657,3473629,5.58E-14
terrif  job,13,1,2587657,3473629,5.58E-14
constitut  societi,13,1,2587657,3473629,5.58E-14
left  obamacar,13,1,2587657,3473629,5.58E-14
defend  status,13,1,2587657,3473629,5.58E-14
statehood  act,13,1,2587657,3473629,5.58E-14
busi  forc,13,1,2587657,3473629,5.58E-14
world  foremost,13,1,2587657,3473629,5.58E-14
free  american,13,1,2587657,3473629,5.58E-14
116  percent,13,1,2587657,3473629,5.58E-14
congressman  regula,13,1,2587657,3473629,5.58E-14
sit  bench,13,1,2587657,3473629,5.58E-14
stand  rule,141,11,2587529,3473619,5.57E-14
west  texa,51,4,2587619,3473626,5.57E-14
unborn  children,51,4,2587619,3473626,5.57E-14
bill  consider,203,16,2587467,3473614,5.56E-14
muslim  brotherhood,38,3,2587632,3473627,5.56E-14
consent  5,619,49,2587051,3473581,5.56E-14
day  revis,616,49,2587054,3473581,5.56E-14
tennesse  roe,25,2,2587645,3473628,5.55E-14
promis  obamacar,25,2,2587645,3473628,5.55E-14
heart  medal,25,2,2587645,3473628,5.55E-14
return  power,25,2,2587645,3473628,5.55E-14
billion  fiscal,25,2,2587645,3473628,5.55E-14
care  obamacar,25,2,2587645,3473628,5.55E-14
resourc  senat,25,2,2587645,3473628,5.55E-14
wane  day,25,2,2587645,3473628,5.55E-14
unfortun  democrat,25,2,2587645,3473628,5.55E-14
justic  byron,25,2,2587645,3473628,5.55E-14
mandat  forc,25,2,2587645,3473628,5.55E-14
main  poliquin,25,2,2587645,3473628,5.55E-14
recogn  congratul,247,20,2587423,3473610,5.54E-14
agre  speaker,37,3,2587633,3473627,5.54E-14
polici  prefer,37,3,2587633,3473627,5.54E-14
effort  contribut,37,3,2587633,3473627,5.54E-14
rule  pass,406,33,2587264,3473597,5.54E-14
immedi  consider,430,35,2587240,3473595,5.54E-14
committe  agricultur,86,7,2587584,3473623,5.54E-14
hous  district,49,4,2587621,3473626,5.54E-14
govern  control,49,4,2587621,3473626,5.54E-14
5  legisl,618,51,2587052,3473579,5.53E-14
receiv  hous,36,3,2587634,3473627,5.52E-14
busi  farm,24,2,2587646,3473628,5.52E-14
counti  chamber,24,2,2587646,3473628,5.52E-14
fail  obamacar,24,2,2587646,3473628,5.52E-14
choic  lower,24,2,2587646,3473628,5.52E-14
michigan  huizenga,24,2,2587646,3473628,5.52E-14
presid  committe,24,2,2587646,3473628,5.52E-14
tuesday  march,24,2,2587646,3473628,5.52E-14
aviat  commun,24,2,2587646,3473628,5.52E-14
materi  topic,24,2,2587646,3473628,5.52E-14
justic  kagan,24,2,2587646,3473628,5.52E-14
hockey  team,24,2,2587646,3473628,5.52E-14
topic  speci,24,2,2587646,3473628,5.52E-14
time  determin,24,2,2587646,3473628,5.52E-14
roslehtinen  thank,24,2,2587646,3473628,5.52E-14
singl  insur,24,2,2587646,3473628,5.52E-14
pleasur  wish,12,1,2587658,3473629,5.52E-14
10year  budget,12,1,2587658,3473629,5.52E-14
cape  coral,12,1,2587658,3473629,5.52E-14
2006  judg,12,1,2587658,3473629,5.52E-14
wednesday  17,12,1,2587658,3473629,5.52E-14
feder  record,12,1,2587658,3473629,5.52E-14
offic  sheriff,12,1,2587658,3473629,5.52E-14
court  hous,12,1,2587658,3473629,5.52E-14
unanim  judg,12,1,2587658,3473629,5.52E-14
obamacar  disast,12,1,2587658,3473629,5.52E-14
helicopt  pilot,12,1,2587658,3473629,5.52E-14
hero  am,12,1,2587658,3473629,5.52E-14
repeal  bad,12,1,2587658,3473629,5.52E-14
flight  hour,12,1,2587658,3473629,5.52E-14
rise  china,12,1,2587658,3473629,5.52E-14
addit  suprem,12,1,2587658,3473629,5.52E-14
famili  median,12,1,2587658,3473629,5.52E-14
vote  invok,12,1,2587658,3473629,5.52E-14
durbin  amend,12,1,2587658,3473629,5.52E-14
recogn  colonel,12,1,2587658,3473629,5.52E-14
margin  rate,12,1,2587658,3473629,5.52E-14
nation  retail,12,1,2587658,3473629,5.52E-14
washington  control,12,1,2587658,3473629,5.52E-14
kansa  countri,12,1,2587658,3473629,5.52E-14
support  battalion,12,1,2587658,3473629,5.52E-14
reform  hr,12,1,2587658,3473629,5.52E-14
accomplish  colleagu,12,1,2587658,3473629,5.52E-14
eros  tax,12,1,2587658,3473629,5.52E-14
patient  control,12,1,2587658,3473629,5.52E-14
scout  gold,12,1,2587658,3473629,5.52E-14
takeov  healthcar,12,1,2587658,3473629,5.52E-14
administr  overreach,12,1,2587658,3473629,5.52E-14
begin  restor,12,1,2587658,3473629,5.52E-14
educ  labor,12,1,2587658,3473629,5.52E-14
regim  fort,12,1,2587658,3473629,5.52E-14
women  wear,12,1,2587658,3473629,5.52E-14
wisconsin  ryan,12,1,2587658,3473629,5.52E-14
colleagu  minor,12,1,2587658,3473629,5.52E-14
affair  purpos,12,1,2587658,3473629,5.52E-14
partisan  law,12,1,2587658,3473629,5.52E-14
consent  list,12,1,2587658,3473629,5.52E-14
jumpstart  economi,12,1,2587658,3473629,5.52E-14
burden  obamacar,12,1,2587658,3473629,5.52E-14
chairman  nutrit,12,1,2587658,3473629,5.52E-14
usfs  blm,12,1,2587658,3473629,5.52E-14
written  constitut,12,1,2587658,3473629,5.52E-14
misguid  rule,12,1,2587658,3473629,5.52E-14
home  arkansa,12,1,2587658,3473629,5.52E-14
remark  democrat,12,1,2587658,3473629,5.52E-14
report  obama,12,1,2587658,3473629,5.52E-14
famili  memori,12,1,2587658,3473629,5.52E-14
receiv  outstand,12,1,2587658,3473629,5.52E-14
goal  american,12,1,2587658,3473629,5.52E-14
stand  life,12,1,2587658,3473629,5.52E-14
pretax  dollar,12,1,2587658,3473629,5.52E-14
hope  accomplish,12,1,2587658,3473629,5.52E-14
forc  career,12,1,2587658,3473629,5.52E-14
europ  eurasia,12,1,2587658,3473629,5.52E-14
shoot  sport,12,1,2587658,3473629,5.52E-14
roslehtinen  chairman,12,1,2587658,3473629,5.52E-14
determin  major,12,1,2587658,3473629,5.52E-14
chang  obamacar,12,1,2587658,3473629,5.52E-14
servic  iowa,12,1,2587658,3473629,5.52E-14
hollow  forc,12,1,2587658,3473629,5.52E-14
applaud  congratul,12,1,2587658,3473629,5.52E-14
pass  veteran,12,1,2587658,3473629,5.52E-14
whom  judg,12,1,2587658,3473629,5.52E-14
louisiana  higgin,12,1,2587658,3473629,5.52E-14
delay  obstruct,12,1,2587658,3473629,5.52E-14
soldier  armi,12,1,2587658,3473629,5.52E-14
fellow  hoosier,12,1,2587658,3473629,5.52E-14
estim  hr,12,1,2587658,3473629,5.52E-14
regul  stifl,12,1,2587658,3473629,5.52E-14
monday  hous,12,1,2587658,3473629,5.52E-14
unnecessari  rule,12,1,2587658,3473629,5.52E-14
green  beret,12,1,2587658,3473629,5.52E-14
polici  doctor,12,1,2587658,3473629,5.52E-14
busi  record,94,8,2587576,3473622,5.50E-14
forc  academi,82,7,2587588,3473623,5.50E-14
plan  obamacar,35,3,2587635,3473627,5.50E-14
8  obama,35,3,2587635,3473627,5.50E-14
gun  ban,35,3,2587635,3473627,5.50E-14
frivol  lawsuit,92,8,2587578,3473622,5.49E-14
america  effort,46,4,2587624,3473626,5.49E-14
meet  10,23,2,2587647,3473628,5.49E-14
expediti  hous,23,2,2587647,3473628,5.49E-14
success  athlet,23,2,2587647,3473628,5.49E-14
york  slaught,23,2,2587647,3473628,5.49E-14
compli  regul,23,2,2587647,3473628,5.49E-14
follow  amend,23,2,2587647,3473628,5.49E-14
visa  lotteri,23,2,2587647,3473628,5.49E-14
fill  tax,23,2,2587647,3473628,5.49E-14
execut  sess,218,19,2587452,3473611,5.48E-14
enterpris  system,34,3,2587636,3473627,5.47E-14
money  earn,45,4,2587625,3473626,5.47E-14
counti  america,45,4,2587625,3473626,5.47E-14
agricultur  nutrit,45,4,2587625,3473626,5.47E-14
annual  review,33,3,2587637,3473627,5.45E-14
letter  refer,33,3,2587637,3473627,5.45E-14
combat  readi,22,2,2587648,3473628,5.45E-14
univers  kansa,22,2,2587648,3473628,5.45E-14
chairman  enzi,22,2,2587648,3473628,5.45E-14
sanctuari  polici,22,2,2587648,3473628,5.45E-14
wall  fenc,22,2,2587648,3473628,5.45E-14
reform  program,22,2,2587648,3473628,5.45E-14
pete  olson,11,1,2587659,3473629,5.45E-14
regul  countri,11,1,2587659,3473629,5.45E-14
facilit  sex,11,1,2587659,3473629,5.45E-14
bradi  hous,11,1,2587659,3473629,5.45E-14
iowa  governor,11,1,2587659,3473629,5.45E-14
ohio  johnson,11,1,2587659,3473629,5.45E-14
allegheni  nation,11,1,2587659,3473629,5.45E-14
illeg  enter,11,1,2587659,3473629,5.45E-14
minut  postclotur,11,1,2587659,3473629,5.45E-14
militari  dog,11,1,2587659,3473629,5.45E-14
epas  own,11,1,2587659,3473629,5.45E-14
hanov  park,11,1,2587659,3473629,5.45E-14
bless  texa,11,1,2587659,3473629,5.45E-14
current  attorney,11,1,2587659,3473629,5.45E-14
senat  steven,11,1,2587659,3473629,5.45E-14
reach  unite,11,1,2587659,3473629,5.45E-14
committe  walden,11,1,2587659,3473629,5.45E-14
legisl  streamlin,11,1,2587659,3473629,5.45E-14
penalti  irs,11,1,2587659,3473629,5.45E-14
lord  savior,11,1,2587659,3473629,5.45E-14
miner  develop,11,1,2587659,3473629,5.45E-14
paperwork  violat,11,1,2587659,3473629,5.45E-14
appreci  passion,11,1,2587659,3473629,5.45E-14
pennsylvania  polic,11,1,2587659,3473629,5.45E-14
decis  decertifi,11,1,2587659,3473629,5.45E-14
situat  yemen,11,1,2587659,3473629,5.45E-14
privileg  congratul,11,1,2587659,3473629,5.45E-14
bill  bradi,11,1,2587659,3473629,5.45E-14
rise  applaud,11,1,2587659,3473629,5.45E-14
ribbon  award,11,1,2587659,3473629,5.45E-14
chairman  duffi,11,1,2587659,3473629,5.45E-14
district  tennesse,11,1,2587659,3473629,5.45E-14
credit  subcommitte,11,1,2587659,3473629,5.45E-14
roslehtinen  chair,11,1,2587659,3473629,5.45E-14
union  operat,11,1,2587659,3473629,5.45E-14
am  submit,11,1,2587659,3473629,5.45E-14
port  hodeidah,11,1,2587659,3473629,5.45E-14
women  sacrif,11,1,2587659,3473629,5.45E-14
guilford  counti,11,1,2587659,3473629,5.45E-14
request  urg,11,1,2587659,3473629,5.45E-14
jame  jim,11,1,2587659,3473629,5.45E-14
will  sell,11,1,2587659,3473629,5.45E-14
carolina  leadership,11,1,2587659,3473629,5.45E-14
direct  relief,11,1,2587659,3473629,5.45E-14
kill  mosquito,11,1,2587659,3473629,5.45E-14
achiev  earn,11,1,2587659,3473629,5.45E-14
suffolk  counti,11,1,2587659,3473629,5.45E-14
ohio  proud,11,1,2587659,3473629,5.45E-14
res  502,11,1,2587659,3473629,5.45E-14
immedi  expens,11,1,2587659,3473629,5.45E-14
told  doctor,11,1,2587659,3473629,5.45E-14
own  possess,11,1,2587659,3473629,5.45E-14
genocid  survivor,11,1,2587659,3473629,5.45E-14
heller  amend,11,1,2587659,3473629,5.45E-14
time  size,11,1,2587659,3473629,5.45E-14
opinion  unanim,11,1,2587659,3473629,5.45E-14
regul  presid,11,1,2587659,3473629,5.45E-14
lift  burden,11,1,2587659,3473629,5.45E-14
agricultur  commod,11,1,2587659,3473629,5.45E-14
includ  purpl,11,1,2587659,3473629,5.45E-14
recogn  differ,11,1,2587659,3473629,5.45E-14
time  air,11,1,2587659,3473629,5.45E-14
shield  desert,11,1,2587659,3473629,5.45E-14
sole  proprietorship,11,1,2587659,3473629,5.45E-14
former  obama,11,1,2587659,3473629,5.45E-14
current  stand,11,1,2587659,3473629,5.45E-14
guy  littl,11,1,2587659,3473629,5.45E-14
dairi  industri,11,1,2587659,3473629,5.45E-14
chairman  mark,11,1,2587659,3473629,5.45E-14
week  judiciari,11,1,2587659,3473629,5.45E-14
size  govern,11,1,2587659,3473629,5.45E-14
america  agricultur,11,1,2587659,3473629,5.45E-14
integr  charact,11,1,2587659,3473629,5.45E-14
legisl  filibust,11,1,2587659,3473629,5.45E-14
commun  heart,11,1,2587659,3473629,5.45E-14
engin  battalion,11,1,2587659,3473629,5.45E-14
tireless  ethic,11,1,2587659,3473629,5.45E-14
noem  yield,11,1,2587659,3473629,5.45E-14
devot  themselv,11,1,2587659,3473629,5.45E-14
follow  messag,11,1,2587659,3473629,5.45E-14
192  million,11,1,2587659,3473629,5.45E-14
titl  game,11,1,2587659,3473629,5.45E-14
path  balanc,11,1,2587659,3473629,5.45E-14
colleagu  financi,11,1,2587659,3473629,5.45E-14
georgia  loudermilk,11,1,2587659,3473629,5.45E-14
fbi  inform,11,1,2587659,3473629,5.45E-14
pennsylvania  unanim,11,1,2587659,3473629,5.45E-14
office  receiv,11,1,2587659,3473629,5.45E-14
uss  west,11,1,2587659,3473629,5.45E-14
code  improv,11,1,2587659,3473629,5.45E-14
incred  stori,11,1,2587659,3473629,5.45E-14
armi  retir,11,1,2587659,3473629,5.45E-14
die  fight,11,1,2587659,3473629,5.45E-14
omaha  nebraska,11,1,2587659,3473629,5.45E-14
oper  manag,11,1,2587659,3473629,5.45E-14
strateg  locat,11,1,2587659,3473629,5.45E-14
ii  korea,11,1,2587659,3473629,5.45E-14
bill  obamacar,11,1,2587659,3473629,5.45E-14
pendleton  california,11,1,2587659,3473629,5.45E-14
complianc  requir,11,1,2587659,3473629,5.45E-14
accept  outcom,11,1,2587659,3473629,5.45E-14
market  govern,11,1,2587659,3473629,5.45E-14
multilater  institut,11,1,2587659,3473629,5.45E-14
brave  hero,11,1,2587659,3473629,5.45E-14
paycheck  job,11,1,2587659,3473629,5.45E-14
step  tax,11,1,2587659,3473629,5.45E-14
choic  patient,11,1,2587659,3473629,5.45E-14
drugfre  commun,11,1,2587659,3473629,5.45E-14
thank  friendship,11,1,2587659,3473629,5.45E-14
vanderbilt  univers,11,1,2587659,3473629,5.45E-14
laid  senat,11,1,2587659,3473629,5.45E-14
order  effici,11,1,2587659,3473629,5.45E-14
threat  respond,11,1,2587659,3473629,5.45E-14
look  spend,11,1,2587659,3473629,5.45E-14
rare  earth,11,1,2587659,3473629,5.45E-14
aleutian  island,11,1,2587659,3473629,5.45E-14
lou  gehrig,11,1,2587659,3473629,5.45E-14
pass  confer,11,1,2587659,3473629,5.45E-14
some  obamacar,11,1,2587659,3473629,5.45E-14
resolut  read,11,1,2587659,3473629,5.45E-14
manufactur  day,11,1,2587659,3473629,5.45E-14
flat  wage,11,1,2587659,3473629,5.45E-14
form  human,11,1,2587659,3473629,5.45E-14
spher  influenc,11,1,2587659,3473629,5.45E-14
strong  endors,11,1,2587659,3473629,5.45E-14
act  subject,11,1,2587659,3473629,5.45E-14
tax  season,11,1,2587659,3473629,5.45E-14
thank  colonel,11,1,2587659,3473629,5.45E-14
minnesota  school,11,1,2587659,3473629,5.45E-14
due  person,11,1,2587659,3473629,5.45E-14
degre  agricultur,11,1,2587659,3473629,5.45E-14
king  bay,11,1,2587659,3473629,5.45E-14
consum  recogn,11,1,2587659,3473629,5.45E-14
onesizefitsal  regul,11,1,2587659,3473629,5.45E-14
norman  norman,11,1,2587659,3473629,5.45E-14
justic  allison,11,1,2587659,3473629,5.45E-14
journal  editori,11,1,2587659,3473629,5.45E-14
amber  alert,11,1,2587659,3473629,5.45E-14
york  faso,11,1,2587659,3473629,5.45E-14
associat  fish,11,1,2587659,3473629,5.45E-14
pass  histor,11,1,2587659,3473629,5.45E-14
divis  provid,11,1,2587659,3473629,5.45E-14
behalf  alabama,11,1,2587659,3473629,5.45E-14
carter  chairman,11,1,2587659,3473629,5.45E-14
remain  uninsur,11,1,2587659,3473629,5.45E-14
total  tax,11,1,2587659,3473629,5.45E-14
funer  director,11,1,2587659,3473629,5.45E-14
hood  texa,11,1,2587659,3473629,5.45E-14
alqaida  terrorist,11,1,2587659,3473629,5.45E-14
louisiana  chair,11,1,2587659,3473629,5.45E-14
hot  food,11,1,2587659,3473629,5.45E-14
social  medicin,43,4,2587627,3473626,5.43E-14
broken  tax,75,7,2587595,3473623,5.43E-14
tax  foundat,75,7,2587595,3473623,5.43E-14
peac  strength,32,3,2587638,3473627,5.42E-14
jackson  counti,32,3,2587638,3473627,5.42E-14
person  opinion,32,3,2587638,3473627,5.42E-14
rule  xiv,32,3,2587638,3473627,5.42E-14
tuesday  septemb,32,3,2587638,3473627,5.42E-14
major  regul,32,3,2587638,3473627,5.42E-14
cover  letter,32,3,2587638,3473627,5.42E-14
insur  obamacar,85,8,2587585,3473622,5.42E-14
senat  action,159,15,2587511,3473615,5.42E-14
gentleman  indiana,53,5,2587617,3473625,5.42E-14
session  115th,53,5,2587617,3473625,5.42E-14
consider  hous,84,8,2587586,3473622,5.41E-14
legisl  busi,84,8,2587586,3473622,5.41E-14
bureaucrat  red,21,2,2587649,3473628,5.41E-14
econom  stagnat,21,2,2587649,3473628,5.41E-14
contain  similar,21,2,2587649,3473628,5.41E-14
western  north,21,2,2587649,3473628,5.41E-14
local  defend,21,2,2587649,3473628,5.41E-14
major  99,21,2,2587649,3473628,5.41E-14
global  human,21,2,2587649,3473628,5.41E-14
colorado  fourth,21,2,2587649,3473628,5.41E-14
iowa  king,21,2,2587649,3473628,5.41E-14
govern  bureaucrat,21,2,2587649,3473628,5.41E-14
day  prayer,21,2,2587649,3473628,5.41E-14
central  washington,21,2,2587649,3473628,5.41E-14
elimin  mandat,21,2,2587649,3473628,5.41E-14
onesizefitsal  approach,21,2,2587649,3473628,5.41E-14
colleg  pennsylvania,21,2,2587649,3473628,5.41E-14
remark  includ,472,45,2587198,3473585,5.41E-14
unelect  bureaucrat,73,7,2587597,3473623,5.40E-14
legisl  power,31,3,2587639,3473627,5.39E-14
histor  opportun,31,3,2587639,3473627,5.39E-14
public  author,31,3,2587639,3473627,5.39E-14
continu  pray,31,3,2587639,3473627,5.39E-14
confirm  understand,31,3,2587639,3473627,5.39E-14
hardearn  dollar,31,3,2587639,3473627,5.39E-14
50th  wed,31,3,2587639,3473627,5.39E-14
combat  team,72,7,2587598,3473623,5.39E-14
concurr  resolut,72,7,2587598,3473623,5.39E-14
intern  washington,41,4,2587629,3473626,5.39E-14
res  3,41,4,2587629,3473626,5.39E-14
nutrit  forestri,41,4,2587629,3473626,5.39E-14
achiev  wish,41,4,2587629,3473626,5.39E-14
record  bill,41,4,2587629,3473626,5.39E-14
progrowth  tax,51,5,2587619,3473625,5.38E-14
obamacar  plan,51,5,2587619,3473625,5.38E-14
debat  equal,61,6,2587609,3473624,5.38E-14
includ  extran,466,46,2587204,3473584,5.38E-14
rise  memori,111,11,2587559,3473619,5.37E-14
burdensom  regul,60,6,2587610,3473624,5.36E-14
2017  2,40,4,2587630,3473626,5.36E-14
hear  follow,40,4,2587630,3473626,5.36E-14
fairer  tax,30,3,2587640,3473627,5.36E-14
byron  white,30,3,2587640,3473627,5.36E-14
mandat  penalti,30,3,2587640,3473627,5.36E-14
legisl  bench,30,3,2587640,3473627,5.36E-14
allow  week,20,2,2587650,3473628,5.36E-14
servant  heart,20,2,2587650,3473628,5.36E-14
16th  district,20,2,2587650,3473628,5.36E-14
regard  hr,20,2,2587650,3473628,5.36E-14
air  assault,20,2,2587650,3473628,5.36E-14
rise  fall,20,2,2587650,3473628,5.36E-14
alabama  byrn,20,2,2587650,3473628,5.36E-14
time  cook,20,2,2587650,3473628,5.36E-14
arkansa  nation,20,2,2587650,3473628,5.36E-14
readi  crisi,20,2,2587650,3473628,5.36E-14
islam  terror,20,2,2587650,3473628,5.36E-14
senat  jim,20,2,2587650,3473628,5.36E-14
colorado  lamborn,20,2,2587650,3473628,5.36E-14
commod  enduser,20,2,2587650,3473628,5.36E-14
freedom  iii,20,2,2587650,3473628,5.36E-14
pennsylvania  week,20,2,2587650,3473628,5.36E-14
clean  opinion,10,1,2587660,3473629,5.36E-14
singl  adult,10,1,2587660,3473629,5.36E-14
fund  transpar,10,1,2587660,3473629,5.36E-14
debt  spend,10,1,2587660,3473629,5.36E-14
progress  standard,10,1,2587660,3473629,5.36E-14
actual  deal,10,1,2587660,3473629,5.36E-14
told  associat,10,1,2587660,3473629,5.36E-14
acquisit  author,10,1,2587660,3473629,5.36E-14
select  student,10,1,2587660,3473629,5.36E-14
footbal  championship,10,1,2587660,3473629,5.36E-14
victim  compens,10,1,2587660,3473629,5.36E-14
amount  senat,10,1,2587660,3473629,5.36E-14
allow  hardwork,10,1,2587660,3473629,5.36E-14
offic  servic,10,1,2587660,3473629,5.36E-14
elect  branch,10,1,2587660,3473629,5.36E-14
join  suprem,10,1,2587660,3473629,5.36E-14
floor  lee,10,1,2587660,3473629,5.36E-14
prior  current,10,1,2587660,3473629,5.36E-14
bank  gotten,10,1,2587660,3473629,5.36E-14
competit  environ,10,1,2587660,3473629,5.36E-14
lowest  tax,10,1,2587660,3473629,5.36E-14
allow  meet,10,1,2587660,3473629,5.36E-14
jurisdict  includ,10,1,2587660,3473629,5.36E-14
one  life,10,1,2587660,3473629,5.36E-14
under  budget,10,1,2587660,3473629,5.36E-14
friendship  center,10,1,2587660,3473629,5.36E-14
bell  whistl,10,1,2587660,3473629,5.36E-14
fundament  tax,10,1,2587660,3473629,5.36E-14
illeg  rule,10,1,2587660,3473629,5.36E-14
wage  opportun,10,1,2587660,3473629,5.36E-14
bench  reveal,10,1,2587660,3473629,5.36E-14
god  thank,10,1,2587660,3473629,5.36E-14
achiev  dedic,10,1,2587660,3473629,5.36E-14
current  congress,10,1,2587660,3473629,5.36E-14
support  respect,10,1,2587660,3473629,5.36E-14
provid  maximum,10,1,2587660,3473629,5.36E-14
administr  former,10,1,2587660,3473629,5.36E-14
florida  congression,10,1,2587660,3473629,5.36E-14
obamacar  famili,10,1,2587660,3473629,5.36E-14
safer  program,10,1,2587660,3473629,5.36E-14
requir  clotur,10,1,2587660,3473629,5.36E-14
finest  militari,10,1,2587660,3473629,5.36E-14
colorado  unite,10,1,2587660,3473629,5.36E-14
women  volunt,10,1,2587660,3473629,5.36E-14
friend  sixth,10,1,2587660,3473629,5.36E-14
janet  napolitano,10,1,2587660,3473629,5.36E-14
dr  smith,10,1,2587660,3473629,5.36E-14
manufactur  nation,10,1,2587660,3473629,5.36E-14
eastern  plain,10,1,2587660,3473629,5.36E-14
19th  congression,10,1,2587660,3473629,5.36E-14
texa  remind,10,1,2587660,3473629,5.36E-14
jay  dickey,10,1,2587660,3473629,5.36E-14
2500  famili,10,1,2587660,3473629,5.36E-14
duplic  feder,10,1,2587660,3473629,5.36E-14
kansa  estes,10,1,2587660,3473629,5.36E-14
obamacar  brought,10,1,2587660,3473629,5.36E-14
ribbon  oversea,10,1,2587660,3473629,5.36E-14
time  iowa,10,1,2587660,3473629,5.36E-14
life  recogn,10,1,2587660,3473629,5.36E-14
telephon  townhal,10,1,2587660,3473629,5.36E-14
eden  prairi,10,1,2587660,3473629,5.36E-14
school  navi,10,1,2587660,3473629,5.36E-14
percent  50000,10,1,2587660,3473629,5.36E-14
process  remov,10,1,2587660,3473629,5.36E-14
serv  legaci,10,1,2587660,3473629,5.36E-14
talent  athlet,10,1,2587660,3473629,5.36E-14
familysustain  job,10,1,2587660,3473629,5.36E-14
busi  reform,10,1,2587660,3473629,5.36E-14
stride  countri,10,1,2587660,3473629,5.36E-14
obamacar  reason,10,1,2587660,3473629,5.36E-14
congratul  nation,10,1,2587660,3473629,5.36E-14
home  kansa,10,1,2587660,3473629,5.36E-14
alien  deport,10,1,2587660,3473629,5.36E-14
junior  leagu,10,1,2587660,3473629,5.36E-14
cash  wage,10,1,2587660,3473629,5.36E-14
depart  tell,10,1,2587660,3473629,5.36E-14
washington  examin,10,1,2587660,3473629,5.36E-14
committe  team,10,1,2587660,3473629,5.36E-14
consult  rank,10,1,2587660,3473629,5.36E-14
act  tra,10,1,2587660,3473629,5.36E-14
capabl  unborn,10,1,2587660,3473629,5.36E-14
repres  resolv,10,1,2587660,3473629,5.36E-14
commun  wife,10,1,2587660,3473629,5.36E-14
quo  unsustain,10,1,2587660,3473629,5.36E-14
lotteri  winner,10,1,2587660,3473629,5.36E-14
countri  repay,10,1,2587660,3473629,5.36E-14
2017  averag,10,1,2587660,3473629,5.36E-14
busi  understand,10,1,2587660,3473629,5.36E-14
wild  turkey,10,1,2587660,3473629,5.36E-14
girl  track,10,1,2587660,3473629,5.36E-14
hear  chair,10,1,2587660,3473629,5.36E-14
appoint  mueller,10,1,2587660,3473629,5.36E-14
preserv  evid,10,1,2587660,3473629,5.36E-14
1130  am,10,1,2587660,3473629,5.36E-14
seven  feloni,10,1,2587660,3473629,5.36E-14
famili  kentucki,10,1,2587660,3473629,5.36E-14
regulatori  structur,10,1,2587660,3473629,5.36E-14
export  terror,10,1,2587660,3473629,5.36E-14
repe  obamacar,10,1,2587660,3473629,5.36E-14
earn  distinguish,10,1,2587660,3473629,5.36E-14
alabama  strang,10,1,2587660,3473629,5.36E-14
battalion  3rd,10,1,2587660,3473629,5.36E-14
lotteri  program,10,1,2587660,3473629,5.36E-14
mater  univers,10,1,2587660,3473629,5.36E-14
hear  thursday,10,1,2587660,3473629,5.36E-14
feder  bar,10,1,2587660,3473629,5.36E-14
continu  collaps,10,1,2587660,3473629,5.36E-14
restrain  spend,10,1,2587660,3473629,5.36E-14
star  global,10,1,2587660,3473629,5.36E-14
occur  2,10,1,2587660,3473629,5.36E-14
baghdad  iraq,10,1,2587660,3473629,5.36E-14
virginia  assistant,10,1,2587660,3473629,5.36E-14
includ  distinguish,10,1,2587660,3473629,5.36E-14
offic  increas,10,1,2587660,3473629,5.36E-14
helmand  provinc,10,1,2587660,3473629,5.36E-14
thursday  4,10,1,2587660,3473629,5.36E-14
12000  deduct,10,1,2587660,3473629,5.36E-14
step  achiev,10,1,2587660,3473629,5.36E-14
medal  korean,10,1,2587660,3473629,5.36E-14
wednesday  24,10,1,2587660,3473629,5.36E-14
hardship  exempt,10,1,2587660,3473629,5.36E-14
carolina  duncan,10,1,2587660,3473629,5.36E-14
time  delay,10,1,2587660,3473629,5.36E-14
provis  committe,10,1,2587660,3473629,5.36E-14
nevada  heller,10,1,2587660,3473629,5.36E-14
regim  2nd,10,1,2587660,3473629,5.36E-14
board  restor,10,1,2587660,3473629,5.36E-14
ag  committe,10,1,2587660,3473629,5.36E-14
congressionalexecut  commiss,10,1,2587660,3473629,5.36E-14
campbel  kentucki,10,1,2587660,3473629,5.36E-14
enforcem  train,10,1,2587660,3473629,5.36E-14
fund  terror,10,1,2587660,3473629,5.36E-14
central  indiana,10,1,2587660,3473629,5.36E-14
tennesse  black,10,1,2587660,3473629,5.36E-14
tru  profession,10,1,2587660,3473629,5.36E-14
hanford  california,10,1,2587660,3473629,5.36E-14
nation  send,10,1,2587660,3473629,5.36E-14
christoph  steel,10,1,2587660,3473629,5.36E-14
success  test,10,1,2587660,3473629,5.36E-14
affect  budget,10,1,2587660,3473629,5.36E-14
budget  black,10,1,2587660,3473629,5.36E-14
tuitionfre  educ,10,1,2587660,3473629,5.36E-14
5000  deduct,10,1,2587660,3473629,5.36E-14
undo  harm,10,1,2587660,3473629,5.36E-14
matter  fall,10,1,2587660,3473629,5.36E-14
council  disabl,10,1,2587660,3473629,5.36E-14
standard  futur,10,1,2587660,3473629,5.36E-14
legisl  futur,10,1,2587660,3473629,5.36E-14
advanc  test,10,1,2587660,3473629,5.36E-14
tradit  level,10,1,2587660,3473629,5.36E-14
distinguish  graduat,10,1,2587660,3473629,5.36E-14
miner  right,10,1,2587660,3473629,5.36E-14
militari  affair,10,1,2587660,3473629,5.36E-14
power  branch,10,1,2587660,3473629,5.36E-14
program  va,10,1,2587660,3473629,5.36E-14
provid  love,10,1,2587660,3473629,5.36E-14
regul  control,10,1,2587660,3473629,5.36E-14
right  lawabid,10,1,2587660,3473629,5.36E-14
incom  4000,10,1,2587660,3473629,5.36E-14
enlo  dam,10,1,2587660,3473629,5.36E-14
crystal  lake,10,1,2587660,3473629,5.36E-14
nation  novemb,10,1,2587660,3473629,5.36E-14
american  pursu,10,1,2587660,3473629,5.36E-14
pennsylvania  perri,10,1,2587660,3473629,5.36E-14
level  fiscal,10,1,2587660,3473629,5.36E-14
nation  emergenc,10,1,2587660,3473629,5.36E-14
georgia  talk,10,1,2587660,3473629,5.36E-14
judg  northern,10,1,2587660,3473629,5.36E-14
unleash  american,10,1,2587660,3473629,5.36E-14
obama  justic,10,1,2587660,3473629,5.36E-14
month  pregnanc,10,1,2587660,3473629,5.36E-14
countri  commend,10,1,2587660,3473629,5.36E-14
creat  obamacar,10,1,2587660,3473629,5.36E-14
suffer  diseas,10,1,2587660,3473629,5.36E-14
job  engin,10,1,2587660,3473629,5.36E-14
stanley  russ,10,1,2587660,3473629,5.36E-14
disposit  motion,10,1,2587660,3473629,5.36E-14
branstad  nomin,10,1,2587660,3473629,5.36E-14
argum  democrat,10,1,2587660,3473629,5.36E-14
massiv  expans,10,1,2587660,3473629,5.36E-14
obamacar  countri,10,1,2587660,3473629,5.36E-14
christian  life,10,1,2587660,3473629,5.36E-14
hero  countri,10,1,2587660,3473629,5.36E-14
spring  hill,10,1,2587660,3473629,5.36E-14
polici  obamacar,10,1,2587660,3473629,5.36E-14
famili  24000,10,1,2587660,3473629,5.36E-14
lowperform  school,10,1,2587660,3473629,5.36E-14
today  tax,10,1,2587660,3473629,5.36E-14
carolina  burr,10,1,2587660,3473629,5.36E-14
liber  judg,10,1,2587660,3473629,5.36E-14
cost  mandat,10,1,2587660,3473629,5.36E-14
trade  opportun,10,1,2587660,3473629,5.36E-14
record  cost,10,1,2587660,3473629,5.36E-14
okinawa  japan,10,1,2587660,3473629,5.36E-14
promis  elect,10,1,2587660,3473629,5.36E-14
recogn  conclus,10,1,2587660,3473629,5.36E-14
code  mean,10,1,2587660,3473629,5.36E-14
harper  rise,10,1,2587660,3473629,5.36E-14
blu  star,10,1,2587660,3473629,5.36E-14
heavyhand  regul,10,1,2587660,3473629,5.36E-14
texa  associat,10,1,2587660,3473629,5.36E-14
million  legal,10,1,2587660,3473629,5.36E-14
counti  arizona,10,1,2587660,3473629,5.36E-14
boost  job,10,1,2587660,3473629,5.36E-14
chairman  commiss,10,1,2587660,3473629,5.36E-14
woodland  school,10,1,2587660,3473629,5.36E-14
futur  adventur,10,1,2587660,3473629,5.36E-14
burden  impos,10,1,2587660,3473629,5.36E-14
john  cornyn,10,1,2587660,3473629,5.36E-14
test  reactor,10,1,2587660,3473629,5.36E-14
opportun  prosper,10,1,2587660,3473629,5.36E-14
major  overhaul,10,1,2587660,3473629,5.36E-14
fisa  warrant,10,1,2587660,3473629,5.36E-14
choos  lower,10,1,2587660,3473629,5.36E-14
burden  govern,10,1,2587660,3473629,5.36E-14
hear  tuesday,10,1,2587660,3473629,5.36E-14
remark  senat,208,21,2587462,3473609,5.36E-14
intellig  senat,49,5,2587621,3473625,5.35E-14
singlepay  system,39,4,2587631,3473626,5.34E-14
women  blu,29,3,2587641,3473627,5.33E-14
rate  busi,77,8,2587593,3473622,5.33E-14
improvis  explos,48,5,2587622,3473625,5.33E-14
close  final,48,5,2587622,3473625,5.33E-14
direct  committe,86,9,2587584,3473621,5.32E-14
resili  feder,57,6,2587613,3473624,5.32E-14
justic  eid,57,6,2587613,3473624,5.32E-14
shenandoah  valley,38,4,2587632,3473626,5.32E-14
taxwrit  committe,19,2,2587651,3473628,5.32E-14
employe  health,19,2,2587651,3473628,5.32E-14
south  bend,19,2,2587651,3473628,5.32E-14
team  job,19,2,2587651,3473628,5.32E-14
jim  matti,19,2,2587651,3473628,5.32E-14
dedic  persever,19,2,2587651,3473628,5.32E-14
abil  grow,19,2,2587651,3473628,5.32E-14
rice  south,19,2,2587651,3473628,5.32E-14
remark  count,19,2,2587651,3473628,5.32E-14
afford  energi,19,2,2587651,3473628,5.32E-14
northeast  florida,19,2,2587651,3473628,5.32E-14
confirm  tenth,19,2,2587651,3473628,5.32E-14
georgia  reserv,19,2,2587651,3473628,5.32E-14
week  complet,19,2,2587651,3473628,5.32E-14
scout  rank,19,2,2587651,3473628,5.32E-14
rais  troop,19,2,2587651,3473628,5.32E-14
mainstream  jurist,19,2,2587651,3473628,5.32E-14
counti  unite,19,2,2587651,3473628,5.32E-14
jeb  hensarl,19,2,2587651,3473628,5.32E-14
pennsylvania  madam,19,2,2587651,3473628,5.32E-14
drug  cartel,123,13,2587547,3473617,5.31E-14
support  hj,66,7,2587604,3473623,5.31E-14
emin  qualifi,47,5,2587623,3473625,5.31E-14
gentleman  arkansa,47,5,2587623,3473625,5.31E-14
amend  titl,75,8,2587595,3473622,5.30E-14
health  save,131,14,2587539,3473616,5.30E-14
obamacar  insur,84,9,2587586,3473621,5.30E-14
senat  sullivan,28,3,2587642,3473627,5.30E-14
bill  desk,28,3,2587642,3473627,5.30E-14
tuesday  decemb,28,3,2587642,3473627,5.30E-14
wednesday  juli,28,3,2587642,3473627,5.30E-14
obamacar  healthcar,28,3,2587642,3473627,5.30E-14
write  concern,37,4,2587633,3473626,5.29E-14
legisl  session,144,16,2587526,3473614,5.26E-14
chairman  financi,45,5,2587625,3473625,5.26E-14
12  appropri,45,5,2587625,3473625,5.26E-14
proper  role,45,5,2587625,3473625,5.26E-14
reform  medicaid,36,4,2587634,3473626,5.26E-14
12  noon,36,4,2587634,3473626,5.26E-14
regul  base,27,3,2587643,3473627,5.26E-14
undo  damag,27,3,2587643,3473627,5.26E-14
fort  jackson,27,3,2587643,3473627,5.26E-14
water  bank,18,2,2587652,3473628,5.26E-14
gratitud  owe,18,2,2587652,3473628,5.26E-14
continu  lose,18,2,2587652,3473628,5.26E-14
committe  name,18,2,2587652,3473628,5.26E-14
illeg  countri,18,2,2587652,3473628,5.26E-14
law  mandat,18,2,2587652,3473628,5.26E-14
pray  god,18,2,2587652,3473628,5.26E-14
regulatori  complianc,18,2,2587652,3473628,5.26E-14
resolut  submit,18,2,2587652,3473628,5.26E-14
pay  cash,18,2,2587652,3473628,5.26E-14
time  deliv,18,2,2587652,3473628,5.26E-14
option  choic,18,2,2587652,3473628,5.26E-14
gentleman  utah,18,2,2587652,3473628,5.26E-14
proce  hj,18,2,2587652,3473628,5.26E-14
rape  victim,18,2,2587652,3473628,5.26E-14
option  choos,18,2,2587652,3473628,5.26E-14
famili  coach,18,2,2587652,3473628,5.26E-14
vote  postpon,18,2,2587652,3473628,5.26E-14
affair  washington,18,2,2587652,3473628,5.26E-14
hand  crimin,18,2,2587652,3473628,5.26E-14
internat  competit,18,2,2587652,3473628,5.26E-14
session  receiv,18,2,2587652,3473628,5.26E-14
blacklist  rule,18,2,2587652,3473628,5.26E-14
am  legisl,18,2,2587652,3473628,5.26E-14
result  obamacar,18,2,2587652,3473628,5.26E-14
simpli  unsustain,18,2,2587652,3473628,5.26E-14
peopl  kentucki,18,2,2587652,3473628,5.26E-14
unite  seven,9,1,2587661,3473629,5.26E-14
hispan  busi,9,1,2587661,3473629,5.26E-14
rule  negat,9,1,2587661,3473629,5.26E-14
bring  hope,9,1,2587661,3473629,5.26E-14
minnesota  lewi,9,1,2587661,3473629,5.26E-14
test  rape,9,1,2587661,3473629,5.26E-14
recess  215,9,1,2587661,3473629,5.26E-14
insuranc  subcommitte,9,1,2587661,3473629,5.26E-14
hon  edward,9,1,2587661,3473629,5.26E-14
catastroph  plan,9,1,2587661,3473629,5.26E-14
courag  braveri,9,1,2587661,3473629,5.26E-14
washington  mcmorri,9,1,2587661,3473629,5.26E-14
ranch  hand,9,1,2587661,3473629,5.26E-14
iowa  honor,9,1,2587661,3473629,5.26E-14
deserv  relief,9,1,2587661,3473629,5.26E-14
congratul  colonel,9,1,2587661,3473629,5.26E-14
arizona  thank,9,1,2587661,3473629,5.26E-14
affair  veteran,9,1,2587661,3473629,5.26E-14
futur  athlet,9,1,2587661,3473629,5.26E-14
12000  24000,9,1,2587661,3473629,5.26E-14
modern  nation,9,1,2587661,3473629,5.26E-14
subcommitte  econom,9,1,2587661,3473629,5.26E-14
live  unborn,9,1,2587661,3473629,5.26E-14
athlet  success,9,1,2587661,3473629,5.26E-14
thank  unite,9,1,2587661,3473629,5.26E-14
constitu  selfless,9,1,2587661,3473629,5.26E-14
biggest  reason,9,1,2587661,3473629,5.26E-14
rule  addit,9,1,2587661,3473629,5.26E-14
chose  serv,9,1,2587661,3473629,5.26E-14
judici  legisl,9,1,2587661,3473629,5.26E-14
process  effect,9,1,2587661,3473629,5.26E-14
die  servic,9,1,2587661,3473629,5.26E-14
tuesday  9,9,1,2587661,3473629,5.26E-14
time  mourn,9,1,2587661,3473629,5.26E-14
rank  boy,9,1,2587661,3473629,5.26E-14
govern  grow,9,1,2587661,3473629,5.26E-14
fail  program,9,1,2587661,3473629,5.26E-14
leader  consult,9,1,2587661,3473629,5.26E-14
confid  judg,9,1,2587661,3473629,5.26E-14
rigor  competit,9,1,2587661,3473629,5.26E-14
infantri  brigad,9,1,2587661,3473629,5.26E-14
obamacar  wors,9,1,2587661,3473629,5.26E-14
patriot  guard,9,1,2587661,3473629,5.26E-14
rank  third,9,1,2587661,3473629,5.26E-14
nfip  polici,9,1,2587661,3473629,5.26E-14
chief  joint,9,1,2587661,3473629,5.26E-14
class  pfc,9,1,2587661,3473629,5.26E-14
carri  lesson,9,1,2587661,3473629,5.26E-14
polici  enhancem,9,1,2587661,3473629,5.26E-14
free  countri,9,1,2587661,3473629,5.26E-14
govern  prove,9,1,2587661,3473629,5.26E-14
option  competit,9,1,2587661,3473629,5.26E-14
author  friend,9,1,2587661,3473629,5.26E-14
achiev  futur,9,1,2587661,3473629,5.26E-14
colorado  farm,9,1,2587661,3473629,5.26E-14
includ  copi,9,1,2587661,3473629,5.26E-14
chang  privaci,9,1,2587661,3473629,5.26E-14
cognit  declin,9,1,2587661,3473629,5.26E-14
charact  tempera,9,1,2587661,3473629,5.26E-14
alqaida  affili,9,1,2587661,3473629,5.26E-14
fccs  privaci,9,1,2587661,3473629,5.26E-14
father  mind,9,1,2587661,3473629,5.26E-14
mueller  fbi,9,1,2587661,3473629,5.26E-14
sign  commit,9,1,2587661,3473629,5.26E-14
fair  order,9,1,2587661,3473629,5.26E-14
pearland  polic,9,1,2587661,3473629,5.26E-14
drug  illeg,9,1,2587661,3473629,5.26E-14
impos  american,9,1,2587661,3473629,5.26E-14
code  actual,9,1,2587661,3473629,5.26E-14
consent  joint,9,1,2587661,3473629,5.26E-14
growth  allow,9,1,2587661,3473629,5.26E-14
unpreced  action,9,1,2587661,3473629,5.26E-14
continu  prayer,9,1,2587661,3473629,5.26E-14
counti  museum,9,1,2587661,3473629,5.26E-14
govern  pick,9,1,2587661,3473629,5.26E-14
skill  earn,9,1,2587661,3473629,5.26E-14
promis  reduc,9,1,2587661,3473629,5.26E-14
conserv  am,9,1,2587661,3473629,5.26E-14
walli  hous,9,1,2587661,3473629,5.26E-14
clinton  nomine,9,1,2587661,3473629,5.26E-14
judg  play,9,1,2587661,3473629,5.26E-14
navi  sailor,9,1,2587661,3473629,5.26E-14
budget  enforc,9,1,2587661,3473629,5.26E-14
freedom  award,9,1,2587661,3473629,5.26E-14
consult  committe,9,1,2587661,3473629,5.26E-14
fundament  reform,9,1,2587661,3473629,5.26E-14
announc  pull,9,1,2587661,3473629,5.26E-14
terror  memori,9,1,2587661,3473629,5.26E-14
path  sustain,9,1,2587661,3473629,5.26E-14
spend  do,9,1,2587661,3473629,5.26E-14
combat  deploy,9,1,2587661,3473629,5.26E-14
mississippi  am,9,1,2587661,3473629,5.26E-14
failur  affordabl,9,1,2587661,3473629,5.26E-14
american  chemistri,9,1,2587661,3473629,5.26E-14
tradit  filibust,9,1,2587661,3473629,5.26E-14
look  guy,9,1,2587661,3473629,5.26E-14
militari  site,9,1,2587661,3473629,5.26E-14
student  creat,9,1,2587661,3473629,5.26E-14
commun  husband,9,1,2587661,3473629,5.26E-14
prohibit  secretari,9,1,2587661,3473629,5.26E-14
antihuman  traffick,9,1,2587661,3473629,5.26E-14
rescu  squad,9,1,2587661,3473629,5.26E-14
world  record,9,1,2587661,3473629,5.26E-14
republ  iran,9,1,2587661,3473629,5.26E-14
accept  appoint,9,1,2587661,3473629,5.26E-14
hardwork  financi,9,1,2587661,3473629,5.26E-14
opinion  piec,9,1,2587661,3473629,5.26E-14
oner  rule,9,1,2587661,3473629,5.26E-14
step  allow,9,1,2587661,3473629,5.26E-14
american  pick,9,1,2587661,3473629,5.26E-14
action  forget,9,1,2587661,3473629,5.26E-14
current  rank,9,1,2587661,3473629,5.26E-14
committe  roe,9,1,2587661,3473629,5.26E-14
reent  unite,9,1,2587661,3473629,5.26E-14
bodi  care,9,1,2587661,3473629,5.26E-14
nomin  outstand,9,1,2587661,3473629,5.26E-14
brevard  counti,9,1,2587661,3473629,5.26E-14
cancer  drug,9,1,2587661,3473629,5.26E-14
louisiana  scalis,9,1,2587661,3473629,5.26E-14
honor  armi,9,1,2587661,3473629,5.26E-14
smart  regul,9,1,2587661,3473629,5.26E-14
clinton  call,9,1,2587661,3473629,5.26E-14
cultur  va,9,1,2587661,3473629,5.26E-14
lose  commun,9,1,2587661,3473629,5.26E-14
issu  fall,9,1,2587661,3473629,5.26E-14
true  potenti,9,1,2587661,3473629,5.26E-14
drug  interdict,9,1,2587661,3473629,5.26E-14
aisl  opportun,9,1,2587661,3473629,5.26E-14
tell  busi,9,1,2587661,3473629,5.26E-14
argu  judg,9,1,2587661,3473629,5.26E-14
river  reserv,9,1,2587661,3473629,5.26E-14
birthday  thank,9,1,2587661,3473629,5.26E-14
adopt  chairman,9,1,2587661,3473629,5.26E-14
iowa  iowa,9,1,2587661,3473629,5.26E-14
hire  offic,9,1,2587661,3473629,5.26E-14
pennsylvania  associat,9,1,2587661,3473629,5.26E-14
retire  famili,9,1,2587661,3473629,5.26E-14
confirm  day,9,1,2587661,3473629,5.26E-14
stand  elect,9,1,2587661,3473629,5.26E-14
quorum  blunt,9,1,2587661,3473629,5.26E-14
longterm  strategi,9,1,2587661,3473629,5.26E-14
defens  committe,9,1,2587661,3473629,5.26E-14
congratul  bob,9,1,2587661,3473629,5.26E-14
access  mortgag,9,1,2587661,3473629,5.26E-14
carolina  lost,9,1,2587661,3473629,5.26E-14
texa  granger,9,1,2587661,3473629,5.26E-14
alaska  author,9,1,2587661,3473629,5.26E-14
histori  athlet,9,1,2587661,3473629,5.26E-14
land  subcommitte,9,1,2587661,3473629,5.26E-14
compassion  peopl,9,1,2587661,3473629,5.26E-14
fort  stewart,9,1,2587661,3473629,5.26E-14
folk  district,9,1,2587661,3473629,5.26E-14
doubl  coverag,9,1,2587661,3473629,5.26E-14
fli  hour,9,1,2587661,3473629,5.26E-14
gorsuch  continu,9,1,2587661,3473629,5.26E-14
1430  honest,9,1,2587661,3473629,5.26E-14
gener  servic,9,1,2587661,3473629,5.26E-14
tom  mcclintock,9,1,2587661,3473629,5.26E-14
util  congression,9,1,2587661,3473629,5.26E-14
student  choos,9,1,2587661,3473629,5.26E-14
penni  plan,9,1,2587661,3473629,5.26E-14
aisl  simpli,9,1,2587661,3473629,5.26E-14
acosta  nomin,9,1,2587661,3473629,5.26E-14
14yearold  girl,9,1,2587661,3473629,5.26E-14
nation  cattlemen,9,1,2587661,3473629,5.26E-14
wish  ahead,9,1,2587661,3473629,5.26E-14
nomin  voic,9,1,2587661,3473629,5.26E-14
move  houston,9,1,2587661,3473629,5.26E-14
admir  servic,9,1,2587661,3473629,5.26E-14
pennsylvania  move,9,1,2587661,3473629,5.26E-14
jesus  love,9,1,2587661,3473629,5.26E-14
manag  money,9,1,2587661,3473629,5.26E-14
illeg  commit,9,1,2587661,3473629,5.26E-14
thank  love,9,1,2587661,3473629,5.26E-14
child  credit,9,1,2587661,3473629,5.26E-14
posit  reform,9,1,2587661,3473629,5.26E-14
unyield  dedic,9,1,2587661,3473629,5.26E-14
form  lower,9,1,2587661,3473629,5.26E-14
steinl  famili,9,1,2587661,3473629,5.26E-14
tortur  kill,9,1,2587661,3473629,5.26E-14
parol  violat,9,1,2587661,3473629,5.26E-14
championship  wish,9,1,2587661,3473629,5.26E-14
local  district,9,1,2587661,3473629,5.26E-14
congratul  school,9,1,2587661,3473629,5.26E-14
tape  prevent,9,1,2587661,3473629,5.26E-14
begin  farmer,9,1,2587661,3473629,5.26E-14
technol  innovat,9,1,2587661,3473629,5.26E-14
rais  cattl,9,1,2587661,3473629,5.26E-14
oper  expand,9,1,2587661,3473629,5.26E-14
bill  alloc,9,1,2587661,3473629,5.26E-14
region  bank,9,1,2587661,3473629,5.26E-14
degre  columbia,9,1,2587661,3473629,5.26E-14
valu  central,9,1,2587661,3473629,5.26E-14
dakota  noem,9,1,2587661,3473629,5.26E-14
disast  program,9,1,2587661,3473629,5.26E-14
teach  jesus,9,1,2587661,3473629,5.26E-14
choic  individu,9,1,2587661,3473629,5.26E-14
85  senat,9,1,2587661,3473629,5.26E-14
opportun  confirm,9,1,2587661,3473629,5.26E-14
american  blood,9,1,2587661,3473629,5.26E-14
recogn  govern,9,1,2587661,3473629,5.26E-14
author  chairman,9,1,2587661,3473629,5.26E-14
solid  bill,9,1,2587661,3473629,5.26E-14
capabl  deliv,9,1,2587661,3473629,5.26E-14
iraq  iran,9,1,2587661,3473629,5.26E-14
fine  committe,9,1,2587661,3473629,5.26E-14
deliv  mail,9,1,2587661,3473629,5.26E-14
sagamor  wabash,9,1,2587661,3473629,5.26E-14
veteran  fiduciari,9,1,2587661,3473629,5.26E-14
code  30,9,1,2587661,3473629,5.26E-14
outstand  teacher,9,1,2587661,3473629,5.26E-14
flag  fli,9,1,2587661,3473629,5.26E-14
futur  physician,9,1,2587661,3473629,5.26E-14
protect  erisa,9,1,2587661,3473629,5.26E-14
administr  regulatori,9,1,2587661,3473629,5.26E-14
consum  instead,9,1,2587661,3473629,5.26E-14
distinguish  financi,9,1,2587661,3473629,5.26E-14
women  give,9,1,2587661,3473629,5.26E-14
congratul  women,9,1,2587661,3473629,5.26E-14
retir  dedic,9,1,2587661,3473629,5.26E-14
kind  compass,9,1,2587661,3473629,5.26E-14
competit  peopl,9,1,2587661,3473629,5.26E-14
hood  river,9,1,2587661,3473629,5.26E-14
kentucki  countri,9,1,2587661,3473629,5.26E-14
filibust  lower,9,1,2587661,3473629,5.26E-14
gullah  geeche,9,1,2587661,3473629,5.26E-14
wound  sustain,9,1,2587661,3473629,5.26E-14
commission  natur,9,1,2587661,3473629,5.26E-14
scalia  suprem,9,1,2587661,3473629,5.26E-14
teacher  evalu,9,1,2587661,3473629,5.26E-14
civic  philanthrop,9,1,2587661,3473629,5.26E-14
requir  approv,9,1,2587661,3473629,5.26E-14
identifi  assess,9,1,2587661,3473629,5.26E-14
princip  william,9,1,2587661,3473629,5.26E-14
award  creat,9,1,2587661,3473629,5.26E-14
foxx  chairman,9,1,2587661,3473629,5.26E-14
busi  death,9,1,2587661,3473629,5.26E-14
process  water,9,1,2587661,3473629,5.26E-14
swift  confirm,9,1,2587661,3473629,5.26E-14
res  35,9,1,2587661,3473629,5.26E-14
impress  background,9,1,2587661,3473629,5.26E-14
extra  tax,9,1,2587661,3473629,5.26E-14
dr  bob,9,1,2587661,3473629,5.26E-14
troop  presid,9,1,2587661,3473629,5.26E-14
rate  unanim,9,1,2587661,3473629,5.26E-14
role  advoc,9,1,2587661,3473629,5.26E-14
va  schedul,9,1,2587661,3473629,5.26E-14
soldier  fort,9,1,2587661,3473629,5.26E-14
remov  incent,9,1,2587661,3473629,5.26E-14
recogn  scott,9,1,2587661,3473629,5.26E-14
bring  relief,89,10,2587581,3473620,5.25E-14
fre  enterpris,62,7,2587608,3473623,5.25E-14
takehom  pay,97,11,2587573,3473619,5.24E-14
committe  foreign,220,25,2587450,3473605,5.24E-14
tennesse  chairman,35,4,2587635,3473626,5.23E-14
friend  left,35,4,2587635,3473626,5.23E-14
probat  officer,61,7,2587609,3473623,5.23E-14
reform  busi,26,3,2587644,3473627,5.22E-14
nation  rememb,26,3,2587644,3473627,5.22E-14
judg  legisl,26,3,2587644,3473627,5.22E-14
chosen  career,26,3,2587644,3473627,5.22E-14
govern  overreach,26,3,2587644,3473627,5.22E-14
build  washington,26,3,2587644,3473627,5.22E-14
close  reserv,26,3,2587644,3473627,5.22E-14
debat  motion,26,3,2587644,3473627,5.22E-14
global  war,164,19,2587506,3473611,5.22E-14
st  cloud,43,5,2587627,3473625,5.22E-14
western  district,43,5,2587627,3473625,5.22E-14
strong  continu,43,5,2587627,3473625,5.22E-14
commerc  scienc,102,12,2587568,3473618,5.20E-14
scienc  transport,102,12,2587568,3473618,5.20E-14
western  civiliz,34,4,2587636,3473626,5.20E-14
money  paycheck,17,2,2587653,3473628,5.20E-14
strong  record,17,2,2587653,3473628,5.20E-14
time  recess,17,2,2587653,3473628,5.20E-14
credit  2000,17,2,2587653,3473628,5.20E-14
michigan  visit,17,2,2587653,3473628,5.20E-14
home  arizona,17,2,2587653,3473628,5.20E-14
internat  system,17,2,2587653,3473628,5.20E-14
texa  pass,17,2,2587653,3473628,5.20E-14
bless  live,17,2,2587653,3473628,5.20E-14
hensarl  chairman,17,2,2587653,3473628,5.20E-14
utah  chairman,17,2,2587653,3473628,5.20E-14
6000  deduct,17,2,2587653,3473628,5.20E-14
condemn  israel,17,2,2587653,3473628,5.20E-14
rogu  regim,17,2,2587653,3473628,5.20E-14
studi  polit,17,2,2587653,3473628,5.20E-14
obamacar  caus,17,2,2587653,3473628,5.20E-14
subcommitte  middl,17,2,2587653,3473628,5.20E-14
store  water,17,2,2587653,3473628,5.20E-14
floor  recogn,17,2,2587653,3473628,5.20E-14
budget  law,17,2,2587653,3473628,5.20E-14
fight  enemi,17,2,2587653,3473628,5.20E-14
indiana  thank,17,2,2587653,3473628,5.20E-14
florida  highway,17,2,2587653,3473628,5.20E-14
mandat  american,17,2,2587653,3473628,5.20E-14
travel  district,17,2,2587653,3473628,5.20E-14
level  budget,17,2,2587653,3473628,5.20E-14
tru  testam,17,2,2587653,3473628,5.20E-14
committe  arm,17,2,2587653,3473628,5.20E-14
increas  paycheck,17,2,2587653,3473628,5.20E-14
regulatori  decis,17,2,2587653,3473628,5.20E-14
broadband  deploy,17,2,2587653,3473628,5.20E-14
presid  immedi,152,18,2587518,3473612,5.20E-14
veteran  commend,42,5,2587628,3473625,5.19E-14
pennsylvania  chairman,42,5,2587628,3473625,5.19E-14
counti  kentucki,25,3,2587645,3473627,5.18E-14
2936  resili,25,3,2587645,3473627,5.18E-14
own  studi,25,3,2587645,3473627,5.18E-14
bilater  trade,25,3,2587645,3473627,5.18E-14
median  famili,25,3,2587645,3473627,5.18E-14
presid  8,25,3,2587645,3473627,5.18E-14
job  act,241,29,2587429,3473601,5.18E-14
public  busi,33,4,2587637,3473626,5.17E-14
senat  georgia,74,9,2587596,3473621,5.17E-14
replac  obamacar,205,25,2587465,3473605,5.17E-14
govern  mandat,41,5,2587629,3473625,5.17E-14
10th  congression,41,5,2587629,3473625,5.17E-14
gorsuch  serv,49,6,2587621,3473624,5.16E-14
repres  committe,64,8,2587606,3473622,5.14E-14
mandat  tax,56,7,2587614,3473623,5.14E-14
motion  waiv,40,5,2587630,3473625,5.14E-14
team  continu,40,5,2587630,3473625,5.14E-14
increas  choic,32,4,2587638,3473626,5.14E-14
congress  30,32,4,2587638,3473626,5.14E-14
medal  global,32,4,2587638,3473626,5.14E-14
govern  tell,32,4,2587638,3473626,5.14E-14
subcommitte  africa,24,3,2587646,3473627,5.14E-14
judg  suppos,24,3,2587646,3473627,5.14E-14
team  victori,24,3,2587646,3473627,5.14E-14
thursday  juli,24,3,2587646,3473627,5.14E-14
procedur  hurdl,24,3,2587646,3473627,5.14E-14
congratul  outstand,24,3,2587646,3473627,5.14E-14
carolina  foxx,16,2,2587654,3473628,5.14E-14
item  tax,16,2,2587654,3473628,5.14E-14
consum  freedom,16,2,2587654,3473628,5.14E-14
scout  eagl,16,2,2587654,3473628,5.14E-14
session  unanim,16,2,2587654,3473628,5.14E-14
judg  interpret,16,2,2587654,3473628,5.14E-14
airmen  marin,16,2,2587654,3473628,5.14E-14
alaska  oil,16,2,2587654,3473628,5.14E-14
forward  get,16,2,2587654,3473628,5.14E-14
afford  reliabl,16,2,2587654,3473628,5.14E-14
support  con,16,2,2587654,3473628,5.14E-14
deduct  skyrocket,16,2,2587654,3473628,5.14E-14
read  bibl,16,2,2587654,3473628,5.14E-14
countri  difficult,16,2,2587654,3473628,5.14E-14
mississippi  nation,16,2,2587654,3473628,5.14E-14
happen  chairman,16,2,2587654,3473628,5.14E-14
free  enterpris,16,2,2587654,3473628,5.14E-14
navig  water,16,2,2587654,3473628,5.14E-14
physicianassist  suicid,16,2,2587654,3473628,5.14E-14
yes  under,16,2,2587654,3473628,5.14E-14
fall  soviet,16,2,2587654,3473628,5.14E-14
albio  sire,16,2,2587654,3473628,5.14E-14
reform  va,16,2,2587654,3473628,5.14E-14
coal  commun,16,2,2587654,3473628,5.14E-14
shot  arm,16,2,2587654,3473628,5.14E-14
bradi  mean,16,2,2587654,3473628,5.14E-14
cost  rais,16,2,2587654,3473628,5.14E-14
chant  death,16,2,2587654,3473628,5.14E-14
counti  republican,16,2,2587654,3473628,5.14E-14
tax  simpl,16,2,2587654,3473628,5.14E-14
choos  buy,16,2,2587654,3473628,5.14E-14
omaha  beach,16,2,2587654,3473628,5.14E-14
focus  grow,16,2,2587654,3473628,5.14E-14
thursday  octob,16,2,2587654,3473628,5.14E-14
cochair  senat,16,2,2587654,3473628,5.14E-14
send  desk,16,2,2587654,3473628,5.14E-14
centr  counti,16,2,2587654,3473628,5.14E-14
leonard  wood,16,2,2587654,3473628,5.14E-14
stark  counti,16,2,2587654,3473628,5.14E-14
citizen  soldier,8,1,2587662,3473629,5.14E-14
cant  argu,8,1,2587662,3473629,5.14E-14
deputi  counsel,8,1,2587662,3473629,5.14E-14
restor  internet,8,1,2587662,3473629,5.14E-14
program  give,8,1,2587662,3473629,5.14E-14
counti  abl,8,1,2587662,3473629,5.14E-14
servic  achiev,8,1,2587662,3473629,5.14E-14
coach  led,8,1,2587662,3473629,5.14E-14
syria  afghanistan,8,1,2587662,3473629,5.14E-14
hard  drive,8,1,2587662,3473629,5.14E-14
outsid  world,8,1,2587662,3473629,5.14E-14
team  2017,8,1,2587662,3473629,5.14E-14
marburi  v,8,1,2587662,3473629,5.14E-14
afghanistan  16,8,1,2587662,3473629,5.14E-14
job  south,8,1,2587662,3473629,5.14E-14
five  bipartisan,8,1,2587662,3473629,5.14E-14
academi  earn,8,1,2587662,3473629,5.14E-14
unite  regul,8,1,2587662,3473629,5.14E-14
innoc  babi,8,1,2587662,3473629,5.14E-14
fellow  georgian,8,1,2587662,3473629,5.14E-14
talk  singl,8,1,2587662,3473629,5.14E-14
respect  affect,8,1,2587662,3473629,5.14E-14
secret  court,8,1,2587662,3473629,5.14E-14
section  115,8,1,2587662,3473629,5.14E-14
percent  particip,8,1,2587662,3473629,5.14E-14
florida  franci,8,1,2587662,3473629,5.14E-14
list  america,8,1,2587662,3473629,5.14E-14
bill  frustrat,8,1,2587662,3473629,5.14E-14
histori  bring,8,1,2587662,3473629,5.14E-14
2000  feder,8,1,2587662,3473629,5.14E-14
healthcar  product,8,1,2587662,3473629,5.14E-14
judg  mean,8,1,2587662,3473629,5.14E-14
kevin  newsom,8,1,2587662,3473629,5.14E-14
revers  effect,8,1,2587662,3473629,5.14E-14
rise  prais,8,1,2587662,3473629,5.14E-14
day  congratul,8,1,2587662,3473629,5.14E-14
congress  oversight,8,1,2587662,3473629,5.14E-14
gorsuch  prove,8,1,2587662,3473629,5.14E-14
budget  analyst,8,1,2587662,3473629,5.14E-14
capit  murder,8,1,2587662,3473629,5.14E-14
influenc  drug,8,1,2587662,3473629,5.14E-14
flexibl  design,8,1,2587662,3473629,5.14E-14
bureaucrat  decis,8,1,2587662,3473629,5.14E-14
hr  3903,8,1,2587662,3473629,5.14E-14
pend  nomin,8,1,2587662,3473629,5.14E-14
selfless  women,8,1,2587662,3473629,5.14E-14
louisiana  serv,8,1,2587662,3473629,5.14E-14
drake  univers,8,1,2587662,3473629,5.14E-14
judici  confirm,8,1,2587662,3473629,5.14E-14
delay  am,8,1,2587662,3473629,5.14E-14
nativ  serv,8,1,2587662,3473629,5.14E-14
hear  energi,8,1,2587662,3473629,5.14E-14
kentucki  chair,8,1,2587662,3473629,5.14E-14
expans  econom,8,1,2587662,3473629,5.14E-14
contribut  legisl,8,1,2587662,3473629,5.14E-14
wrestl  championship,8,1,2587662,3473629,5.14E-14
militari  threat,8,1,2587662,3473629,5.14E-14
deploy  forc,8,1,2587662,3473629,5.14E-14
forget  nation,8,1,2587662,3473629,5.14E-14
fallen  comrad,8,1,2587662,3473629,5.14E-14
increas  domest,8,1,2587662,3473629,5.14E-14
world  obama,8,1,2587662,3473629,5.14E-14
posit  action,8,1,2587662,3473629,5.14E-14
earn  hour,8,1,2587662,3473629,5.14E-14
percent  disagre,8,1,2587662,3473629,5.14E-14
tenth  congression,8,1,2587662,3473629,5.14E-14
aggress  continu,8,1,2587662,3473629,5.14E-14
violat  immigr,8,1,2587662,3473629,5.14E-14
highway  bill,8,1,2587662,3473629,5.14E-14
increas  power,8,1,2587662,3473629,5.14E-14
twothird  job,8,1,2587662,3473629,5.14E-14
growth  mean,8,1,2587662,3473629,5.14E-14
congratul  william,8,1,2587662,3473629,5.14E-14
ambush  elect,8,1,2587662,3473629,5.14E-14
serv  lord,8,1,2587662,3473629,5.14E-14
russian  iranian,8,1,2587662,3473629,5.14E-14
continu  repeal,8,1,2587662,3473629,5.14E-14
pipelin  system,8,1,2587662,3473629,5.14E-14
agenc  spend,8,1,2587662,3473629,5.14E-14
drug  distribut,8,1,2587662,3473629,5.14E-14
davisbacon  wage,8,1,2587662,3473629,5.14E-14
culper  spi,8,1,2587662,3473629,5.14E-14
eagl  river,8,1,2587662,3473629,5.14E-14
vocal  support,8,1,2587662,3473629,5.14E-14
burger  king,8,1,2587662,3473629,5.14E-14
blu  act,8,1,2587662,3473629,5.14E-14
clean  line,8,1,2587662,3473629,5.14E-14
offic  visit,8,1,2587662,3473629,5.14E-14
abil  pass,8,1,2587662,3473629,5.14E-14
nuclear  fuel,8,1,2587662,3473629,5.14E-14
slave  labor,8,1,2587662,3473629,5.14E-14
counti  neighbor,8,1,2587662,3473629,5.14E-14
mean  bigger,8,1,2587662,3473629,5.14E-14
differ  judg,8,1,2587662,3473629,5.14E-14
effect  obamacar,8,1,2587662,3473629,5.14E-14
palestinian  terrorist,8,1,2587662,3473629,5.14E-14
mike  kelli,8,1,2587662,3473629,5.14E-14
tournam  team,8,1,2587662,3473629,5.14E-14
sens  chang,8,1,2587662,3473629,5.14E-14
heart  armi,8,1,2587662,3473629,5.14E-14
popul  counti,8,1,2587662,3473629,5.14E-14
women  signific,8,1,2587662,3473629,5.14E-14
chief  legisl,8,1,2587662,3473629,5.14E-14
district  west,8,1,2587662,3473629,5.14E-14
time  hill,8,1,2587662,3473629,5.14E-14
file  joint,8,1,2587662,3473629,5.14E-14
manag  subcommitte,8,1,2587662,3473629,5.14E-14
countri  guarante,8,1,2587662,3473629,5.14E-14
perform  behalf,8,1,2587662,3473629,5.14E-14
recent  won,8,1,2587662,3473629,5.14E-14
peopl  bear,8,1,2587662,3473629,5.14E-14
protect  mother,8,1,2587662,3473629,5.14E-14
grossli  unfair,8,1,2587662,3473629,5.14E-14
obamacar  do,8,1,2587662,3473629,5.14E-14
choic  buy,8,1,2587662,3473629,5.14E-14
repres  burgess,8,1,2587662,3473629,5.14E-14
pat  tiberi,8,1,2587662,3473629,5.14E-14
answer  countri,8,1,2587662,3473629,5.14E-14
land  council,8,1,2587662,3473629,5.14E-14
nation  arm,8,1,2587662,3473629,5.14E-14
divis  1,8,1,2587662,3473629,5.14E-14
reform  washington,8,1,2587662,3473629,5.14E-14
develop  foundat,8,1,2587662,3473629,5.14E-14
peopl  compet,8,1,2587662,3473629,5.14E-14
forward  reform,8,1,2587662,3473629,5.14E-14
reform  goal,8,1,2587662,3473629,5.14E-14
support  food,8,1,2587662,3473629,5.14E-14
abus  execut,8,1,2587662,3473629,5.14E-14
code  easier,8,1,2587662,3473629,5.14E-14
district  forev,8,1,2587662,3473629,5.14E-14
marin  corpor,8,1,2587662,3473629,5.14E-14
oner  tax,8,1,2587662,3473629,5.14E-14
choic  control,8,1,2587662,3473629,5.14E-14
deduct  continu,8,1,2587662,3473629,5.14E-14
regul  harder,8,1,2587662,3473629,5.14E-14
john  faso,8,1,2587662,3473629,5.14E-14
termin  diseas,8,1,2587662,3473629,5.14E-14
athlet  excel,8,1,2587662,3473629,5.14E-14
rung  ladder,8,1,2587662,3473629,5.14E-14
airport  improvem,8,1,2587662,3473629,5.14E-14
maintain  militari,8,1,2587662,3473629,5.14E-14
excit  abl,8,1,2587662,3473629,5.14E-14
penalti  american,8,1,2587662,3473629,5.14E-14
presid  texa,8,1,2587662,3473629,5.14E-14
famili  combin,8,1,2587662,3473629,5.14E-14
throughout  season,8,1,2587662,3473629,5.14E-14
america  judg,8,1,2587662,3473629,5.14E-14
loui  counti,8,1,2587662,3473629,5.14E-14
recent  hous,8,1,2587662,3473629,5.14E-14
set  secur,8,1,2587662,3473629,5.14E-14
energi  explor,8,1,2587662,3473629,5.14E-14
dog  handler,8,1,2587662,3473629,5.14E-14
exempt  commun,8,1,2587662,3473629,5.14E-14
care  net,8,1,2587662,3473629,5.14E-14
some  past,8,1,2587662,3473629,5.14E-14
genocid  christian,8,1,2587662,3473629,5.14E-14
economi  8,8,1,2587662,3473629,5.14E-14
life  fre,8,1,2587662,3473629,5.14E-14
morri  counti,8,1,2587662,3473629,5.14E-14
continu  legisl,8,1,2587662,3473629,5.14E-14
critic  action,8,1,2587662,3473629,5.14E-14
investment  subcommitte,8,1,2587662,3473629,5.14E-14
hr  2749,8,1,2587662,3473629,5.14E-14
secur  entir,8,1,2587662,3473629,5.14E-14
tax  grow,8,1,2587662,3473629,5.14E-14
practic  telemedicin,8,1,2587662,3473629,5.14E-14
highperform  comput,8,1,2587662,3473629,5.14E-14
futur  afghanistan,8,1,2587662,3473629,5.14E-14
washington  doesnt,8,1,2587662,3473629,5.14E-14
14  ago,8,1,2587662,3473629,5.14E-14
emerg  prepared,8,1,2587662,3473629,5.14E-14
abl  am,8,1,2587662,3473629,5.14E-14
colleagu  dr,8,1,2587662,3473629,5.14E-14
blood  hand,8,1,2587662,3473629,5.14E-14
fraudul  join,8,1,2587662,3473629,5.14E-14
walk  onto,8,1,2587662,3473629,5.14E-14
2824  increas,8,1,2587662,3473629,5.14E-14
debat  appropri,8,1,2587662,3473629,5.14E-14
cash  hand,8,1,2587662,3473629,5.14E-14
some  circl,8,1,2587662,3473629,5.14E-14
look  background,8,1,2587662,3473629,5.14E-14
requir  irs,8,1,2587662,3473629,5.14E-14
bend  indiana,8,1,2587662,3473629,5.14E-14
spend  control,8,1,2587662,3473629,5.14E-14
streamlin  tax,8,1,2587662,3473629,5.14E-14
market  remain,8,1,2587662,3473629,5.14E-14
countri  neighbor,8,1,2587662,3473629,5.14E-14
obamacar  cut,8,1,2587662,3473629,5.14E-14
wet  blanket,8,1,2587662,3473629,5.14E-14
enzi  budget,8,1,2587662,3473629,5.14E-14
recogn  recent,8,1,2587662,3473629,5.14E-14
am  offic,8,1,2587662,3473629,5.14E-14
meet  school,8,1,2587662,3473629,5.14E-14
reform  encourag,8,1,2587662,3473629,5.14E-14
babi  life,8,1,2587662,3473629,5.14E-14
life  sacrific,8,1,2587662,3473629,5.14E-14
success  growth,8,1,2587662,3473629,5.14E-14
babcock  wilcox,8,1,2587662,3473629,5.14E-14
brother  father,8,1,2587662,3473629,5.14E-14
hurt  law,8,1,2587662,3473629,5.14E-14
sponsor  chairman,8,1,2587662,3473629,5.14E-14
georgia  austin,8,1,2587662,3473629,5.14E-14
spend  discretionari,8,1,2587662,3473629,5.14E-14
dynam  econom,8,1,2587662,3473629,5.14E-14
didnt  thank,8,1,2587662,3473629,5.14E-14
hero  deserv,8,1,2587662,3473629,5.14E-14
recommit  support,8,1,2587662,3473629,5.14E-14
famili  last,8,1,2587662,3473629,5.14E-14
sterl  reput,8,1,2587662,3473629,5.14E-14
paycheck  time,8,1,2587662,3473629,5.14E-14
sergeant  abraham,8,1,2587662,3473629,5.14E-14
100  0,8,1,2587662,3473629,5.14E-14
onceina  gener,8,1,2587662,3473629,5.14E-14
legal  reform,8,1,2587662,3473629,5.14E-14
test  intercontinent,8,1,2587662,3473629,5.14E-14
type  issu,8,1,2587662,3473629,5.14E-14
peter  john,8,1,2587662,3473629,5.14E-14
postsecondari  institut,8,1,2587662,3473629,5.14E-14
person  individu,8,1,2587662,3473629,5.14E-14
farm  provid,8,1,2587662,3473629,5.14E-14
mean  obamacar,8,1,2587662,3473629,5.14E-14
million  money,8,1,2587662,3473629,5.14E-14
obamacar  colleagu,8,1,2587662,3473629,5.14E-14
resourc  alaska,8,1,2587662,3473629,5.14E-14
res  27,8,1,2587662,3473629,5.14E-14
creighton  univers,8,1,2587662,3473629,5.14E-14
hard  committe,8,1,2587662,3473629,5.14E-14
rein  outofcontrol,8,1,2587662,3473629,5.14E-14
southeast  region,8,1,2587662,3473629,5.14E-14
percent  bracket,8,1,2587662,3473629,5.14E-14
traffick  protect,8,1,2587662,3473629,5.14E-14
judg  doesnt,8,1,2587662,3473629,5.14E-14
carolina  home,8,1,2587662,3473629,5.14E-14
