Mr. TOM PRICE of Georgia-P000591,1.0,0.0,0.0,nan,nan,nan,nan,nan,nan
Mr. MARSHALL-M001198,38.0,-2.9103830456733704e-11,0.8305762540000008,1.0611426118371097e-10,1.5458592370763975e-16,-0.27426879414773025,5372909991279840.0,0.7854457890393769,0.0
Mr. MacARTHUR-M001193,9.0,-5.820766091346741e-11,0.6219592949999999,8.101792452593054e-11,7.379653488781463e-17,-0.7184541106682818,8428028442602372.0,0.49575231229980465,8.743659832427041e-110
Mr. BACON-B001298,43.0,2.9103830456733704e-11,0.7825858400000002,4.593332946854663e-11,4.9249157392881166e-17,0.6336102954753777,1.5890339681489066e+16,0.5298541889097412,0.0
Mr. ROUZER-R000603,4.0,-2.3283064365386963e-10,0.899707969,8.457561555160597e-10,5.892206473878912e-16,-0.2752928750625552,1526945759603891.0,0.808925089567311,4.28896773836734e-31
Mr. SMITH of Missouri-S001195,22.0,5.4569682106375694e-11,0.8363974699999999,1.5368608022558852e-11,3.840680818278644e-17,3.5507237887956697,2.1777323073018736e+16,0.002005037188555335,3.13479188e-315
Mr. SCOTT-S001184,81.0,-2.9103830456733704e-11,0.8966122450000009,1.2018786540241432e-10,1.262001332962537e-16,-0.2421528193323672,7104685403898993.0,0.8092892729802978,0.0
Mr. BURGESS-B001248,142.0,-5.093170329928398e-11,0.7308362630000008,3.9333701773457014e-11,7.925112025663434e-17,-1.2948616835665714,9221778324815798.0,0.19749936012801866,0.0
Mr. MOONEY of West Virginia-M001195,17.0,-4.656612873077393e-10,0.8514884820000004,1.0469805085215848e-10,7.408711319456052e-17,-4.4476595649835735,1.1493071403172404e+16,0.0004699032224684956,1.6626636191699993e-233
Mr. NEWHOUSE-N000189,83.0,3.5925040720030665e-11,0.7652119310000002,1.9641922427997266e-11,3.9114866251178985e-17,1.8289981976928957,1.9563199477307056e+16,0.07108018584325593,0.0
Mr. BLUM-B001294,17.0,1.1641532182693481e-10,0.7305292550000002,1.468625776669227e-10,1.0750847770999287e-16,0.7926820002503238,6795085099899036.0,0.44032112733810513,4.409836274075159e-230
Mr. FLEISCHMANN-F000459,3.0,2.9149680136952847e-07,0.7542975279998878,1.2135183069584153e-22,3.1401849173670824e-16,2402079966145228.0,2402079966145228.5,1.733105808225784e-31,1.7331058082257832e-31
Mr. GRAHAM-G000359,42.0,-5.820766091346741e-11,0.7595148729999998,4.764353017402966e-11,5.596110224088384e-17,-1.2217327452615219,1.3572192873018794e+16,0.2289602123028575,0.0
Mr. ROE of Tennessee-R000582,135.0,1.000444171950221e-11,0.91965685,8.779453357512795e-13,1.0861012046240803e-17,11.395290016480539,8.467506030603384e+16,2.0623240180094955e-21,0.0
Mr. GAETZ-G000578,75.0,7.275957614183426e-12,0.7852597510000002,3.851384582104219e-11,3.804305673372216e-17,0.18891797116267672,2.0641342163862708e+16,0.8506813533954898,0.0
Mr. COLE-C001053,61.0,7.275957614183426e-11,0.8521184870000008,6.848000661738921e-11,1.458571404499448e-16,1.0624937078110377,5842144473498920.0,0.29234128708412904,0.0
Mr. WEBSTER of Florida-W000806,43.0,7.275957614183426e-11,0.7348958239999998,6.23835895029327e-11,4.918738755909251e-17,1.16632557891549,1.4940737056163312e+16,0.2502225043463611,0.0
Mr. GIANFORTE-G000584,39.0,-3.2741809263825417e-11,0.5968822810000002,1.578877350489893e-11,4.285581258553843e-17,-2.073739879393818,1.3927685534106904e+16,0.045118403938637745,0.0
Mr. ROE of TENNESSEE-R000582,6.0,3.5539958727344034e-07,0.9196568499998632,9.593704580749881e-23,2.482534153246904e-16,3704508350054499.5,3704508350054499.5,2.7205140402836698e-77,2.7205140402836698e-77
Mr. BARRASSO-B001261,266.0,2.9103830456733704e-11,0.9213332950000004,1.0025369748329245e-11,2.616261137474592e-17,2.903018161657722,3.521564731452378e+16,0.004008100921574014,0.0
Mr. DENHAM-D000612,16.0,-8.731149137020111e-11,0.6310027290000004,1.2462194488921082e-10,1.537161309504741e-16,-0.7006108871741747,4104987063480694.0,0.49502584849223696,5.723457868161967e-212
Mr. MESSER-M001189,48.0,2.9103830456733704e-11,0.8814154590000005,2.1129853010130946e-10,1.3643298009682164e-16,0.13773796932131777,6460428104513229.0,0.8910486694216742,0.0
Mr. WEBER of Texas-W000814,17.0,2.9103830456733704e-10,0.8328958730000002,2.662017990785752e-10,1.6550227688315156e-16,1.0932995403289172,5032534226632084.0,0.29150993373322753,3.986069882688088e-228
Mr. NORMAN-N000190,23.0,-7.275957614183426e-11,0.7923923250000005,2.953791046298657e-10,1.948248552119815e-16,-0.24632607723897054,4067203458910971.5,0.8078216019571007,2.107419147e-315
Mr. SESSIONS-S000250,131.0,5.4569682106375694e-11,1.0000000000000004,2.6044135936890754e-11,5.403577785188007e-17,2.095277118757445,1.8506257145795996e+16,0.038101601182098856,0.0
Mr. ALEXANDER-A000360,143.0,-1.8189894035458565e-12,0.6722707030000001,8.423062840433494e-12,1.3307365385115077e-17,-0.21595344092817453,5.05186927347743e+16,0.8293361358667352,0.0
Mr. McCLINTOCK-M001177,123.0,5.093170329928398e-11,0.7779187979999995,1.8176258030800145e-11,4.3364748725018605e-17,2.8021005870943774,1.7938967038247626e+16,0.005914008045147105,0.0
Ms. MURKOWSKI-M001153,189.0,0.0,0.6713043240000001,6.572082113583979e-12,1.0590024566657053e-17,0.0,6.33902518142987e+16,1.0,0.0
Ms. HERRERA BEUTLER-H001056,4.0,1.4551915228366852e-11,0.647989919,1.0662297850533034e-11,4.751904893757556e-17,1.3648010431109243,1.3636424412686504e+16,0.30557575678769433,5.377729841336334e-33
Mr. RICE of South Carolina-R000597,25.0,-8.003553375601768e-11,0.7056062460000002,3.13859915004402e-11,5.275790335163638e-17,-2.550039999688879,1.3374417881944024e+16,0.017897207284714892,0.0
Ms. CHENEY-C001109,97.0,-4.3655745685100555e-11,0.6468281840000005,5.778724937241434e-11,7.655784330693292e-17,-0.755456370725621,8448881996411008.0,0.45184420440006745,0.0
Mr. SENSENBRENNER-S000244,5.0,4.656612873077393e-10,0.772616875,9.272215232170541e-10,4.532466518368395e-16,0.5022114733619403,1704627870650278.8,0.650063725662439,4.452275104227266e-46
Mr. HOEVEN-H001061,128.0,-4.3655745685100555e-11,0.7911166320000002,1.753308399943875e-11,1.6291470923395804e-17,-2.489906834787195,4.85601721121385e+16,0.014080136109504374,0.0
Mr. BARLETTA-B001269,46.0,1.4551915228366852e-11,0.832352107,4.7473726262429626e-12,8.337336249692393e-18,3.06525659012428,9.983429743891038e+16,0.003708687451882561,0.0
Mr. SCALISE-S001176,14.0,4.3655745685100555e-11,0.5715230539999999,3.566182797364796e-11,4.1014888436238643e-17,1.224158944330045,1.3934526602174824e+16,0.2443831084059858,1.2568772674772625e-188
Ms ROS-LEHTINEN-R000435,1.0,2.144922439878026e-07,0.5550351449999171,inf,inf,0.0,0.0,nan,nan
Mr. GRIFFITH-G000568,7.0,2.9103830456733704e-10,0.7344684820000003,6.18223757178176e-10,3.8311047959717665e-16,0.47076531949492517,1917119267455854.2,0.657630231783607,7.32922749121872e-76
Mr. ALLEN-A000372,62.0,0.0,0.912667198,0.0,0.0,nan,inf,nan,0.0
Ms. STEFANIK-S001196,17.0,-7.275957614183426e-12,0.724583549,1.6347506609325356e-12,7.410257181855833e-18,-4.45080573329323,9.778116079076955e+16,0.0004669586774677725,1.8772328175480874e-247
Mr. GARDNER-G000562,275.0,-6.184563972055912e-11,0.7571532519999995,1.7608529148784726e-11,4.9248090831267237e-17,-3.512254725990414,1.5374266072448208e+16,0.000519774951530607,0.0
Mr. LATTA-L000566,23.0,-7.275957614183426e-12,0.7596231780000005,7.064226995326121e-11,1.253610746438805e-16,-0.10299722275342216,6059482021495908.0,0.9189424186093273,4.87327e-319
Mr. GOODLATTE-G000289,198.0,1.0913936421275139e-11,0.7419354720000001,3.2227542405525717e-12,9.795712264344017e-18,3.386524570798126,7.574083966314672e+16,0.0008552631879727891,0.0
Mr. CARTER of Texas-C001051,40.0,-3.637978807091713e-12,0.7102930099999999,3.083248521787153e-12,2.059978077521498e-17,-1.1799174738541738,3.448061014584206e+16,0.2453670613725947,0.0
Mr. SHELBY-S000320,21.0,3.637978807091713e-11,0.6884176049999998,1.1676020094893077e-10,9.392841452203039e-17,0.31157695666204893,7329173056983042.0,0.7587550648562672,9.310352984724403e-291
Mr. BANKS of Indiana-B001299,30.0,8.731149137020111e-11,0.865816698,2.19464557620063e-11,1.8190072034061413e-17,3.9783868665187727,4.759831057176323e+16,0.0004452641560492163,0.0
Mr. SULLIVAN-S001198,225.0,1.6370904631912708e-11,0.7997654159999991,3.044463593100656e-11,7.507680437963927e-17,0.5377270619695486,1.0652629964853624e+16,0.5913017086155615,0.0
Mr. WILSON of SouthCarolina-W000795,5.0,3.112484764285552e-07,0.8054083449998799,2.1452175598607826e-23,5.551115123124954e-17,1.4508946889692354e+16,1.4508946889692354e+16,1.3539657748843282e-64,1.3539657748843282e-64
Mr. WICKER-W000437,112.0,9.822542779147625e-11,0.905146421,1.1537665249511097e-11,2.1548592178433955e-17,8.513457936876657,4.200489820888993e+16,9.659370097496777e-14,0.0
Mr. FRELINGHUYSEN-F000372,62.0,-1.2732925824820995e-11,0.6153280240000001,6.1823703954461525e-12,1.6652435834361455e-17,-2.059554023841711,3.6951232247375e+16,0.043787937753073825,0.0
Mr. HOLDING-H001065,21.0,2.782722445288202e-07,0.7200767389998928,2.8781113742249604e-23,7.447602459740709e-17,9668571099120702.0,9668571099120704.0,3.5404029187710366e-308,3.5404029187710366e-308
Mr. CRAMER-C001096,4.0,-2.3283064365386963e-10,0.9359216060000001,2.345705527117269e-10,1.1991779233329539e-16,-0.9925825768079445,7804693430302084.0,0.42551530397763027,1.6416792269386741e-32
Mr. ROYCE-R000487,26.0,2.4490833181970853e-07,0.6337419429999054,0.0,0.0,inf,inf,0.0,0.0
Mr. HENSARLING-H001036,132.0,7.09405867382884e-11,0.7987957219999998,1.0107566793436812e-11,2.217427893150962e-17,7.018562250249244,3.602352637789327e+16,1.1122385266015708e-10,0.0
Ms. COLLINS-C001035,120.0,-1.4551915228366852e-11,0.5075897290000003,4.543192058978194e-11,4.157852845856896e-17,-0.32030156417467665,1.2207977237717528e+16,0.749306226453863,0.0
Mr. HUDSON-H001067,30.0,-7.275957614183426e-12,0.8618876549999999,1.7839492968684213e-11,2.914039157811126e-17,-0.40785674945783384,2.9577078698125828e+16,0.6864807780986486,0.0
Mr. HIGGINS of Louisiana-H001077,48.0,-1.8917489796876907e-10,0.7102760640000003,9.575212701508664e-11,6.606396506886366e-17,-1.9756730619567626,1.075133869515134e+16,0.05420851916097868,0.0
Mrs. WAGNER-W000812,24.0,-8.149072527885437e-10,0.8284332400000005,2.4966805599441823e-10,1.2610734905168016e-16,-3.2639628227279602,6569270119701744.0,0.0035528404541948946,0.0
Mr. GROTHMAN-G000576,11.0,0.0,0.9330305969999997,9.993366285795058e-10,4.3568297570458943e-16,0.0,2141535586721276.8,1.0,5.374563156225723e-135
Mr. MASSIE-M001184,4.0,-6.984919309616089e-10,0.6628106820000006,8.618672442395338e-10,5.266250202865052e-16,-0.8104402802521186,1258600819306695.5,0.5027892753534082,6.3128283357922275e-31
Mr. FLAKE-F000444,163.0,-4.274625098332763e-11,0.8628247750000015,7.175327427349782e-11,1.4406728403703013e-16,-0.5957393779745047,5989040334641323.0,0.5521858987198262,0.0
Mr. CONAWAY-C001062,47.0,-5.820766091346741e-11,0.709447216,1.1088135787436565e-11,1.1439923476994239e-17,-5.249544380527854,6.201503160634798e+16,3.990599405034877e-06,0.0
Mr. KELLY of Pennsylvania-K000376,36.0,0.0,0.819287444,0.0,0.0,nan,inf,nan,0.0
Mr. CHAFFETZ-C001076,39.0,2.9103830456733704e-11,0.6613712270000003,6.954921400243409e-11,8.86204518729248e-17,0.41846382988188946,7462963830836226.0,0.6780270984756186,0.0
Mr. DIAZ-BALART-D000600,19.0,5.820766091346741e-11,0.6161152140000001,1.0502045351432542e-10,5.888683240167844e-17,0.5542507098917406,1.0462699195591968e+16,0.5866252081036685,2.542171503883573e-263
Mr. BRADY of Texas-B000755,132.0,0.0,0.6758095700000003,3.2757439408586915e-12,2.984776529865208e-17,0.0,2.264188166979857e+16,1.0,0.0
Mr. ROGERS of Alabama-R000575,15.0,7.275957614183426e-12,0.7347518600000005,4.433512329297328e-11,1.6041917426708067e-16,0.16411271862497787,4580199738322538.0,0.8721665288778272,9.677409276041548e-198
Mr. CRAWFORD-C001087,11.0,2.3283064365386963e-10,0.743435637,1.8790062762358254e-10,9.543326838577409e-17,1.2391158379752434,7790109775919835.0,0.2466425652026739,4.819240859434274e-140
Mr. DUFFY-D000614,12.0,-1.1641532182693481e-10,0.7156923710000003,1.760621594327907e-10,1.161985028652762e-16,-0.6612171644490976,6159221963726969.0,0.5234145780465111,3.132146239451391e-154
Mr. CALVERT-C000059,35.0,1.0913936421275139e-11,0.756654408,1.7553680911381503e-12,6.826092091435685e-18,6.217463149964593,1.1084737765980798e+17,5.094388363265586e-07,0.0
Mr. ARRINGTON-A000375,75.0,3.2741809263825417e-11,0.7775782860000005,3.472340891550917e-11,5.845010319153112e-17,0.9429318804353143,1.3303283374060224e+16,0.348825988591253,0.0
Mr. DONOVAN-D000625,55.0,-2.546585164964199e-11,0.6500197480000001,1.116318147736645e-11,1.9458653858415362e-17,-2.2812360169253236,3.340517554449859e+16,0.02658001831624273,0.0
Mr. HURD-H001073,36.0,-1.382431946694851e-10,0.6653115630000002,3.6847720491517405e-11,3.184100284616852e-17,-3.751743468128771,2.0894805550386684e+16,0.000655577868886895,0.0
Mr. SAM JOHNSON of Texas-J000174,15.0,-1.4551915228366852e-11,0.777647905,4.8891505346455685e-12,9.152720924974571e-18,-2.9763688242464332,8.496357655547774e+16,0.010714840655360061,3.1421746587210204e-214
Mr. COTTON-C001095,113.0,-5.4569682106375694e-11,0.977553066999999,1.0145353934235087e-10,1.3410186492327695e-16,-0.5378785448010099,7289630666652412.0,0.5917377245309239,0.0
Mr. KUSTOFF of Tennessee-K000392,22.0,-8.731149137020111e-11,0.6495295539999999,1.0652964254677559e-10,7.021666937153401e-17,-0.819598088220975,9250361200745312.0,0.42210550403946934,8.572841086991907e-308
Mr. THUNE-T000250,318.0,1.8189894035458565e-11,0.8545902640000004,1.1693266753009935e-11,2.4612818108766677e-17,1.555587024539259,3.47213496733074e+16,0.12080725216413447,0.0
Mr. WENSTRUP-W000815,41.0,-2.3283064365386963e-10,0.7695134350000001,3.833768320083841e-11,2.545175477678918e-17,-6.07315372799517,3.023419963568723e+16,4.0984212532126155e-07,0.0
Mr. McHENRY-M001156,15.0,7.275957614183426e-12,0.6057083919999999,3.265023447056904e-11,4.260198539965026e-17,0.2228454935214013,1.42178442229355e+16,0.8271189384967952,3.894195644404958e-204
Mr. BOOZMAN-B001236,131.0,-1.3096723705530167e-10,0.9624629089999994,7.815918798292641e-11,8.428214615031671e-17,-1.6756473606648905,1.1419534895130132e+16,0.09622951397649235,0.0
Mr. McCAUL-M001157,77.0,2.9103830456733704e-11,0.7732247869999996,3.064273258080851e-11,5.0385390002932124e-17,0.9497792137167748,1.5346210219966594e+16,0.34527504122286856,0.0
Mr. LABRADOR-L000573,22.0,0.0,0.711776204,0.0,0.0,nan,inf,nan,0.0
Mr. BISHOP of Michigan-B001293,24.0,-6.984919309616089e-10,0.9005059400000007,5.323433680989052e-10,2.785503282160377e-16,-1.312107885284737,3232830295936996.5,0.2030102178022029,0.0
Mr. RUSSELL-R000604,45.0,4.3655745685100555e-11,0.682230145,1.1321677319917231e-11,2.1473867358138817e-17,3.8559432892775387,3.1770250491997556e+16,0.0003804690551991373,0.0
Mr. CARTER of Georgia-C001103,61.0,2.3283064365386963e-10,0.8543276259999997,6.282191922911318e-11,4.47221387256652e-17,3.7062007418896292,1.910301363806908e+16,0.0004662062050145764,0.0
Mr. LONG-L000576,17.0,0.0,0.8058572800000001,2.964033618114012e-11,3.7990112252658734e-17,0.0,2.1212290046434444e+16,1.0,1.6925153443983645e-237
Mrs. NOEM-N000184,34.0,9.822542779147625e-11,0.8118248580000003,7.336199927751597e-11,8.294100690475656e-17,1.3389142711324722,9787979291501020.0,0.19003293311876288,0.0
Ms. BLACK-B001273,1.0,2.82194319213768e-07,0.7302257739998911,inf,inf,0.0,0.0,nan,nan
Mr. WALBERG-W000798,69.0,2.6193447411060333e-10,0.8396970590000005,1.9372757425481771e-10,1.4193315106678057e-16,1.3520763635127662,5916144696913810.0,0.18089743117210183,0.0
Mr. KING of New York-K000210,28.0,-8.731149137020111e-11,0.6404913110000002,1.0283500377433763e-10,7.732251908149371e-17,-0.8490444709060204,8283373570963944.0,0.40360655934644163,0.0
Mr. MARCHANT-M001158,32.0,1.1641532182693481e-10,0.8001293100000002,8.911017781576389e-11,7.529898907871225e-17,1.3064200373118384,1.0626029908098786e+16,0.2013373950318451,0.0
Mr. DUNCAN of Tennessee-D000533,35.0,-1.4551915228366852e-11,0.7419581630000001,6.2732086081458215e-12,2.0328373123934297e-17,-2.3196925428991872,3.649864937427927e+16,0.026689352767345333,0.0
Mr. SIMPSON-S001148,30.0,1.4551915228366852e-11,0.5950996749999999,4.353086949173831e-11,3.501865807778782e-17,0.3342895604492496,1.6993788673400624e+16,0.7406521310430809,0.0
Mrs. HANDEL-H001078,37.0,-4.0745362639427185e-10,0.562869819,1.6019409453837533e-10,9.383097129595142e-17,-2.5434996687512985,5998763640894832.0,0.015548124470745928,0.0
Mr. REED-R000585,9.0,-1.4551915228366852e-11,0.5977183310000002,5.758592751477412e-11,5.600459339071406e-17,-0.25269915509537366,1.0672666201324584e+16,0.8077606490676589,1.6744212035128642e-110
Mr. REICHERT-R000578,21.0,4.656612873077393e-10,0.5760450809999997,6.929073483737994e-11,3.0362568732372066e-17,6.720397588517581,1.8972211675418292e+16,2.012194033311736e-06,1.320594336022591e-298
Mrs. COMSTOCK-C001105,102.0,2.1827872842550278e-11,0.7511763980000004,9.052565192071537e-12,3.902517186336521e-17,2.411236194318454,1.92485096703742e+16,0.017723559655404692,0.0
Mr. BURR-B001135,61.0,-8.185452315956354e-12,0.7331822540000004,2.7714785336567645e-11,5.493830158722188e-17,-0.2953460478424217,1.3345557340100436e+16,0.7687664406836086,0.0
Ms. CAPITO-C001047,4.0,3.021368887840735e-07,0.7818305629998835,7.431251613935615e-23,1.9229626863832774e-16,4065760446295275.0,4065760446295275.0,3.281295828700807e-47,3.281295828700807e-47
Mr. BANKS-B001299,3.0,3.3459316605280856e-07,0.865816697999871,9.101387302188115e-23,2.355138688025312e-16,3676287525665094.5,3676287525665094.5,7.399136832378142e-32,7.399136832378142e-32
Mr. POLIQUIN-P000611,18.0,2.9103830456733704e-11,0.7503066559999998,7.19434894612396e-11,7.918132830023965e-17,0.4045373761362206,9475802845274180.0,0.6911740661508907,1.9961915780661698e-247
Mr. GOSAR-G000565,72.0,-1.8189894035458565e-11,0.9333001299999997,3.041086837672774e-11,4.9725612477404266e-17,-0.5981379357578157,1.8769002200306716e+16,0.5516783255685359,0.0
Mr. LaHOOD-L000585,83.0,7.275957614183426e-12,0.7437197329999999,1.1212975925283701e-11,1.5667071366504874e-17,0.6488872947436866,4.747024607228265e+16,0.5182468090821748,0.0
Mr. COLLINS of Georgia-C001093,159.0,-3.637978807091713e-11,0.7561771760000016,5.618232066158357e-11,1.450539713931817e-16,-0.6475308894777099,5213074614484812.0,0.5182341389083259,0.0
Mr. CRAPO-C000880,170.0,-3.637978807091713e-12,0.8680600609999999,9.229666024463076e-12,1.2304120512618917e-17,-0.3941614785897248,7.055035425813091e+16,0.6939616946664333,0.0
Mr. PERDUE-P000612,131.0,-1.8189894035458565e-11,0.9618170679999998,2.0866054500714272e-11,2.4211447089783933e-17,-0.8717457358714318,3.972571587453111e+16,0.3849666656078795,0.0
Ms. TENNEY-T000478,53.0,9.094947017729282e-12,0.7058343550000001,1.2371594360086748e-11,1.9101348477271747e-17,0.7351475285248126,3.695206942273506e+16,0.4656169410042569,0.0
Mr. LEWIS of Minnesota-L000587,20.0,1.1641532182693481e-10,0.6567551579999995,5.225908666288485e-10,2.8915443304959167e-16,0.22276570307841725,2271295484124091.5,0.8262261456643292,1.421680821615872e-266
Mr. BUDD-B001305,43.0,-1.4551915228366852e-10,0.8028353920000002,3.5042984591346334e-11,2.854135928828305e-17,-4.152590139813709,2.812884221423835e+16,0.00016224366652710997,0.0
Mr. RYAN of Wisconsin-R000570,45.0,-6.402842700481415e-10,0.4617105180000003,1.022634877176373e-10,4.928950680418598e-17,-6.261122951488307,9367318683756618.0,1.5243193217553079e-07,0.0
Mr. ROUNDS-R000605,104.0,-8.731149137020111e-11,0.973247729000001,1.3345910741287664e-10,1.363609005807704e-16,-0.6542190567788629,7137293203952691.0,0.514443061857075,0.0
Mr. TROTT-T000475,23.0,-2.000888343900442e-11,0.717489998,4.494352861376813e-12,1.3932376935435422e-17,-4.452005451319824,5.149803234042179e+16,0.00022049593018106626,0.0
Mr. CASSIDY-C001075,72.0,-8.731149137020111e-11,0.8171811909999996,4.063429065188068e-11,6.498289897775475e-17,-2.1487145455105927,1.2575326799128198e+16,0.03511770879797545,0.0
Mr. MEADOWS-M001187,8.0,0.0,0.8723654629999997,5.731470817428617e-11,1.2675434247810723e-16,0.0,6882331965476236.0,1.0,6.351701386772283e-94
Mr. AUSTIN SCOTT of Georgia-S001189,19.0,-7.275957614183426e-12,0.7925033180000005,6.851159829711531e-11,1.552154679299638e-16,-0.10620037767371399,5105826942180745.0,0.9166665084260143,5.035294494111813e-258
Mr. PAUL-P000603,32.0,1.6007106751203537e-10,0.7633326990000001,1.6782155453764628e-10,1.0815805354627589e-16,0.9538170943120879,7057566902989845.0,0.34779899259424074,0.0
Mr. YOUNG of Iowa-Y000066,102.0,-2.2737367544323206e-13,0.800549118,0.0,0.0,-inf,inf,0.0,0.0
Mr. DAVIDSON-D000626,12.0,-2.6193447411060333e-10,0.7157349920000001,1.2291503031974027e-10,8.112215906477063e-17,-2.1310207012863294,8822928288046839.0,0.058919865867096195,8.609404060197722e-156
Mr. MITCHELL-M001201,64.0,2.9103830456733704e-11,0.7783418359999997,3.375352356941222e-11,3.8859249260836676e-17,0.8622456970124411,2.0029770281342828e+16,0.3918752111792986,0.0
Mr. LAMBORN-L000564,65.0,5.4569682106375694e-12,0.8600213009999997,2.048401625099672e-11,3.576720500497868e-17,0.2664012830185117,2.4044968033713776e+16,0.7908001709714464,0.0
Mr. BRAT-B001290,20.0,1.1641532182693481e-10,0.8413953180000002,3.785366017346614e-10,1.850371707708594e-16,0.307540463177025,4547169168739298.0,0.7619619980839579,5.3258333106433844e-272
Mr. TIPTON-T000470,54.0,-2.9103830456733704e-11,0.807838217,7.569174751526552e-12,9.668715180655041e-18,-3.845046707484728,8.355176483182642e+16,0.00033037241194989195,0.0
Mrs. RADEWAGEN-R000600,9.0,2.3364864646570453e-07,0.60460559299991,3.033795767396036e-23,7.850462293417705e-17,7701528526630175.0,7701528526630175.0,9.049041824587683e-125,9.049041824587683e-125
Mrs. ERNST-E000295,106.0,-1.0913936421275139e-11,0.867112492,0.0,0.0,-inf,inf,0.0,0.0
Mrs. BROOKS of Indiana-B001284,39.0,1.0186340659856796e-10,0.7363784560000004,8.880867500329397e-11,1.1004907144656043e-16,1.146998382700674,6691364555107437.0,0.25874549683974046,0.0
Mr. CHABOT-C000266,55.0,-7.275957614183426e-11,0.8483204480000002,3.1241432110399324e-11,3.4534005593899224e-17,-2.3289449691269053,2.4564785735422028e+16,0.023706975318736053,0.0
Mr. TURNER-T000463,13.0,0.0,0.7379769710000001,5.6163362858561285e-11,5.350397918743323e-17,0.0,1.3792936192927736e+16,1.0,3.6544550426817716e-173
Mr. THOMPSON of Pennsylvania-T000467,154.0,0.0,0.8086941640000003,1.795918839770066e-12,1.847022145181291e-17,0.0,4.378367450059049e+16,1.0,0.0
Mr. SHUSTER-S001154,33.0,1.8189894035458565e-11,0.6672792659999996,8.133599185686516e-11,8.923962251849932e-17,0.2236389281078552,7477387814607497.0,0.8245055503606227,0.0
Mr. RODNEY DAVIS of Illinois-D000619,80.0,5.820766091346741e-11,0.7334888579999993,1.2872327778393873e-10,1.1357198937222442e-16,0.45219219022039375,6458360569841211.0,0.6523856073761691,0.0
Mr. McCARTHY-M001165,145.0,0.0,0.49448700199999995,1.1307542858707568e-12,5.010777802561485e-18,0.0,9.868467960148235e+16,1.0,0.0
Mr. TIBERI-T000462,56.0,-5.4569682106375694e-11,0.6853661170000002,1.1389470041131007e-11,2.0602640928961586e-17,-4.791239795118401,3.3265935147011464e+16,1.3360000425925733e-05,0.0
Mr. ROYCE of California-R000487,137.0,3.637978807091713e-12,0.6337419429999995,1.0862605860008939e-11,4.538808687351805e-17,0.33490847904967797,1.3962737507884696e+16,0.7382139328916935,0.0
Mr. FORTENBERRY-F000449,10.0,-1.3387762010097504e-09,0.7053467340000008,5.078601440702809e-10,2.482534153247275e-16,-2.636111962399794,2841236778464349.0,0.029893191570451613,2.6372943264535537e-121
Mr. HUIZENGA-H001058,66.0,2.000888343900442e-11,0.7956205620000003,3.184048598323806e-11,6.217256452403211e-17,0.6284101143914008,1.2796971913430756e+16,0.5319716099251262,0.0
Mr. MEEHAN-M001181,24.0,-7.275957614183426e-12,0.7156879720000006,3.013205079829305e-11,1.2635727689788507e-16,-0.24146904778866232,5664002814641058.0,0.8114280203828566,0.0
Mr. HULTGREN-H001059,35.0,-2.1827872842550278e-11,0.7441546129999997,1.0672202448907083e-10,8.790421585939502e-17,-0.20453016092086618,8465516764182205.0,0.8391954833292388,0.0
Mr. LANCE-L000567,35.0,-3.637978807091713e-11,0.638439813,1.8740388482583737e-11,1.614768617761906e-17,-1.9412504764629857,3.9537541538606776e+16,0.06080779025052257,0.0
Mr. WOODALL-W000810,109.0,-2.7284841053187847e-12,0.5950132659999998,1.4146359745813097e-11,2.6802370351531526e-17,-0.1928753512808364,2.2200024035038376e+16,0.8474222100569501,0.0
Mr. WALDEN-W000791,90.0,6.184563972055912e-11,0.5805949290000002,3.8130980072648674e-11,4.287709051880599e-17,1.621926307761519,1.3540912454060984e+16,0.10839670671421311,0.0
Mr. HOLLINGSWORTH-H001074,17.0,2.6376137413190186e-07,0.6825273949998985,3.2178263397911767e-23,8.326672684687435e-17,8196880324779082.0,8196880324779081.0,2.0308645895697632e-246,2.0308645895697632e-246
Mr. YODER-Y000063,42.0,-4.656612873077393e-10,0.7459497079999999,2.796911322784698e-10,1.4151791102464422e-16,-1.6649125895207553,5271062175798360.0,0.10374519420932482,0.0
Mr. SMITH of Texas-S000583,56.0,-3.456079866737127e-11,0.8806878290000001,7.085231791097619e-12,1.7853807830594945e-17,-4.877864223270137,4.932773094436588e+16,9.862405841677406e-06,0.0
Mr. RUBIO-R000595,138.0,4.001776687800884e-11,0.8808581689999997,3.8362083645837966e-11,3.7922558418202845e-17,1.0431593666146053,2.32278149402807e+16,0.2987252195557411,0.0
Mr. STEWART-S001192,7.0,1.1641532182693481e-10,0.7955675230000002,3.1030767368709854e-10,2.2662332591841974e-16,0.3751609505613555,3510527964303154.0,0.7229283892767273,3.559931793774764e-77
Mr. BARTON-B000213,7.0,-2.3283064365386963e-10,0.6766042530000003,3.399250252907522e-10,1.5700924586837754e-16,-0.6849470510584497,4309327449207701.5,0.5238318854716475,1.2771925694538494e-77
Mr. WILLIAMS-W000816,32.0,2.6193447411060333e-10,0.8054434970000002,3.7918279613278427e-10,1.8132712876674538e-16,0.6907868099028357,4441935977688712.5,0.49501014641911467,0.0
Mr. DUNN-D000628,52.0,-1.7462298274040222e-10,0.7964026060000001,2.1244733758239746e-11,1.5939282422244402e-17,-8.21958913336228,4.9964771619114024e+16,7.624158639748048e-11,0.0
Mr. RISCH-R000584,28.0,4.656612873077393e-10,0.9119208080000001,4.4493663091379257e-10,2.2038862292539501e-16,1.0465788945077037,4137785317115482.5,0.30492645255609696,0.0
Mr. COSTELLO of Pennsylvania-C001106,15.0,2.3283064365386963e-10,0.6395563369999997,2.927617461401745e-10,1.6000016692061347e-16,0.7952905279584929,3997222936131844.0,0.4407240909778275,5.680645890091463e-197
Mr. TILLIS-T000476,117.0,1.3096723705530167e-10,0.8963152620000001,2.824302089587834e-11,2.9331730096077826e-17,4.63715399064887,3.05578722790666e+16,9.405410923072064e-06,0.0
Mr HATCH-H000338,1.0,3.4191889537687105e-07,0.884773267999868,inf,inf,0.0,0.0,nan,nan
Mr. KNIGHT-K000387,16.0,2.807792206888407e-07,0.7265639659998921,6.64671350666603e-23,1.719950113979448e-16,4224331625054178.5,4224331625054179.0,5.507771304907099e-227,5.507771304907099e-227
Mr. LEE-L000577,163.0,2.0736479200422764e-10,0.8842758269999997,1.8465458349658735e-11,1.606376798204309e-17,11.22987515812517,5.504784605881316e+16,5.620118386224073e-22,0.0
Mr. COLLINS of New York-C001092,24.0,-2.1827872842550278e-11,0.7495798290000004,6.06153633505644e-11,1.0519397879206084e-16,-0.36010462753989303,7125691390395173.0,0.7222029689946832,0.0
Mr. BLUNT-B000575,231.0,2.000888343900442e-11,0.9486396279999993,2.0211616753139378e-11,5.020024999964706e-17,0.9899694657477874,1.8897109636041036e+16,0.3232338983791275,0.0
Mr. CURBELO of Florida-C001107,42.0,-7.275957614183426e-12,0.6648857189999997,1.8164500385837558e-11,5.629271732105678e-17,-0.40055919291104325,1.1811220893955556e+16,0.6908761885403588,0.0
Mr. DAINES-D000618,180.0,2.000888343900442e-11,0.8905503650000002,1.2395436368519006e-11,2.250767358450972e-17,1.614213718995926,3.956652213105209e+16,0.10825237315898854,0.0
Mr. LoBIONDO-L000554,9.0,-2.3283064365386963e-10,0.6015356410000001,1.1517185502954822e-10,5.1393339571412293e-17,-2.0215932407629897,1.1704544713700726e+16,0.08293515018247975,8.775937585273451e-111
Mr. CRUZ-C001098,107.0,-2.9103830456733704e-11,0.9581108079999998,2.670407969717309e-11,2.994602833857367e-17,-1.089864574505994,3.1994586967175584e+16,0.278267712761662,0.0
Mr. ROHRABACHER-R000409,41.0,4.729372449219227e-11,0.6223954919999999,1.0062973870597295e-11,2.242195381553334e-17,4.699776139772995,2.775830764439541e+16,3.214151178489512e-05,0.0
Mr. KATKO-K000386,77.0,-4.729372449219227e-11,0.6421295450000002,1.095319351165201e-11,2.8813693348912215e-17,-4.317802332432198,2.2285568782324884e+16,4.75874950219536e-05,0.0
Mrs. McMORRIS RODGERS-M001159,13.0,-2.6193447411060333e-10,0.6785096390000004,1.228157929788082e-10,1.0448258871041984e-16,-2.132742603842488,6493997204457990.0,0.05631077048480832,1.4501520850439908e-169
Mr. FITZPATRICK-F000466,53.0,0.0,0.6603561589999998,4.6045198077189875e-12,3.197333261793362e-17,0.0,2.0653341548438108e+16,1.0,0.0
Mr. STIVERS-S001187,13.0,-5.820766091346741e-11,0.7966125160000004,2.13631993614962e-10,1.6826066702158448e-16,-0.2724669649358679,4734395328991599.0,0.7903097580266296,4.689611967016489e-168
Mr. KINZINGER-K000378,13.0,-4.656612873077393e-10,0.6973174980000005,3.7073531785258763e-10,2.1764265796503704e-16,-1.256047818710642,3203955991531863.5,0.2351207767628832,3.439494811236557e-166
Ms. GRANGER-G000377,20.0,2.1827872842550278e-11,0.616186973,7.263534324684082e-12,1.5050746008908463e-17,3.0051310927755064,4.094062663972151e+16,0.007600121050461648,3.523277380176759e-289
Mr. BISHOP of Utah-B001250,61.0,-2.7284841053187847e-12,0.7251067710000001,2.139302408035715e-12,1.4904073019156914e-17,-1.2754083270649195,4.865158470895747e+16,0.20716385591643358,0.0
Mr. JOHNSON of Ohio-J000292,20.0,3.268272882554088e-07,0.8457211689998738,9.842933216149545e-24,2.54702629954337e-17,3.3204257417816788e+16,3.3204257417816784e+16,3.179281835382e-303,3.179281835382e-303
Mr. FASO-F000464,53.0,-2.1827872842550278e-11,0.6534938359999998,4.811570994181511e-11,4.386832784357776e-17,-0.4536537623355464,1.489671177643645e+16,0.6520026144878519,0.0
Mr. HILL-H001072,63.0,2.546585164964199e-11,0.7599202669999996,6.464966649775132e-11,7.287348147399724e-17,0.39390538310863144,1.0427939651423882e+16,0.6950245098921097,0.0
Mr. YOUNG-Y000064,71.0,-1.964508555829525e-10,0.7936686310000008,1.461490478319251e-10,1.219472249520006e-16,-1.3441815632550387,6508295955995679.0,0.18329262066999008,0.0
Mr. BIGGS-B001302,50.0,0.0,0.8132386439999999,1.3268787784077259e-11,2.0714880607089275e-17,0.0,3.9258669138632856e+16,1.0,0.0
Mr. CORKER-C001071,59.0,-8.185452315956354e-12,0.6799385489999998,3.47128443401389e-12,2.4237884954358017e-17,-2.358047135449345,2.805271789516212e+16,0.021825489436852023,0.0
Mr. PORTMAN-P000449,209.0,2.9103830456733704e-11,0.6130195820000003,2.013067427823707e-11,3.347586211999929e-17,1.4457454357699961,1.8312286620208284e+16,0.14976090974301634,0.0
Mr. PEARCE-P000588,9.0,-5.820766091346741e-11,0.8405017650000004,2.7096864764480714e-10,2.3929731583375163e-16,-0.21481326869139322,3512374395306326.5,0.8360370162306854,4.004696271847585e-107
Mr. BUCSHON-B001275,22.0,-4.656612873077393e-10,0.7865932440000001,2.5209514582872317e-10,1.0990647210786422e-16,-1.8471648304728399,7156932880422393.0,0.07957182321415683,1.4513083981333914e-305
Mr. MORAN-M000934,131.0,-8.731149137020111e-11,0.8278198360000002,2.3343554233398817e-11,2.4229159389769977e-17,-3.740282670634624,3.4166263165924024e+16,0.0002753656992936751,0.0
Mr. GRAVES of Georgia-G000560,8.0,1.1641532182693481e-10,0.7792504699999998,3.038045795049318e-10,1.8093277002731247e-16,0.38319146477857813,4306850936302855.0,0.7147867428222899,1.0576567086805841e-92
Mr. WESTERMAN-W000821,43.0,-5.4569682106375694e-12,0.8300797580000001,7.2633778637539926e-12,1.9671726440266626e-17,-0.7512989566285897,4.219658912605077e+16,0.4567637164008209,0.0
Mr. RENACCI-R000586,14.0,-3.7834979593753815e-10,0.8228457269999999,4.34489067756839e-10,2.8381538932531526e-16,-0.8707924410868743,2899228716793917.5,0.4009525789716957,1.9098962112810954e-180
Mr. POE of Texas-P000592,109.0,-1.000444171950221e-11,0.7981996220000005,5.4117791036148924e-12,4.358449801175296e-17,-1.8486419212527667,1.8313842269899692e+16,0.06727058702213565,0.0
Mr. PALMER-P000609,7.0,2.661800592810897e-07,0.6887861539998974,5.2546884089173493e-23,1.3597399555103158e-16,5065572657540928.0,5065572657540928.0,3.99514438010497e-93,3.99514438010497e-93
Mr. COCHRAN-C000567,21.0,2.9103830456733704e-11,0.7595920969999999,9.417480711587221e-11,5.327487728398158e-17,0.309040510387502,1.4257979290144514e+16,0.7606539535214749,3.0054470908190716e-296
Mr. ROKITA-R000592,43.0,-7.275957614183426e-11,0.9438346450000004,2.7084474672128088e-11,5.341783830159317e-17,-2.686394217448463,1.7668903778381664e+16,0.010382810926248195,0.0
Mr. PITTENGER-P000606,17.0,1.8917489796876907e-10,0.9434479200000004,2.6317913403476205e-10,2.2472798005739887e-16,0.7188065978809015,4198177368741666.0,0.48330813512108095,6.045527762757947e-227
Mr. GARRETT-G000580,40.0,2.0372681319713593e-10,0.7883658769999998,5.288893445827509e-11,3.850969713934669e-17,3.8519742415657703,2.0471879437205416e+16,0.00043697123937956687,0.0
Mr. GRAVES of Louisiana-G000577,19.0,3.637978807091713e-11,0.6177223560000001,3.5374933300879026e-11,4.651802617502504e-17,1.0284058421111746,1.327920393001644e+16,0.3181699889416901,4.417979834787561e-265
Ms. ROS-LEHTINEN-R000435,65.0,-3.637978807091713e-11,0.5550351450000004,4.899499742232345e-11,6.62586684300899e-17,-0.7425204609632556,8376792926130455.0,0.46053170972515123,0.0
Mr. FLORES-F000461,57.0,5.093170329928398e-11,0.8896168420000008,8.05961892113566e-11,1.312376500554275e-16,0.6319368669617859,6778670919696261.0,0.5300462482009086,0.0
Mr. McCAIN-M000303,128.0,5.4569682106375694e-12,0.7406106999999995,9.556981502657909e-12,4.092658539915631e-17,0.5709928609906718,1.809607844819781e+16,0.5690214868293335,0.0
Mr. FERGUSON-F000465,50.0,-2.0372681319713593e-10,0.7840242230000001,3.0911378083359224e-11,2.6334653644179136e-17,-6.590673914561249,2.9771579060554548e+16,3.121879536927628e-08,0.0
Mr. GRASSLEY-G000386,262.0,-2.9103830456733704e-11,0.8125666110000004,9.891833340609381e-12,2.290566085248167e-17,-2.942207925931431,3.547448887125055e+16,0.0035528625862754973,0.0
Mr. POE of TEXAS-P000592,1.0,3.0846267955337465e-07,0.7981996219998809,inf,inf,0.0,0.0,nan,nan
Mr. BUCK-B001297,126.0,1.4551915228366852e-11,0.6960104480000006,1.6175629196685426e-11,5.9589502920288e-17,0.89961973357727,1.168008481176699e+16,0.3700663797183973,0.0
Mr. HARRIS-H001052,25.0,8.731149137020111e-11,0.8318488300000004,3.003923850281033e-10,2.298386497955621e-16,0.29065813822821324,3619273045416499.5,0.7739175529508928,0.0
Mr. BILIRAKIS-B001257,55.0,-1.8189894035458565e-12,0.7706415119999996,1.8369369625150434e-11,5.517841078602147e-17,-0.09902296271807749,1.3966359324636962e+16,0.9214936256150614,0.0
Mr. McCONNELL-M000355,598.0,-2.8421709430404007e-13,0.7594554530000004,9.35920138507173e-13,1.9725470258192622e-17,-0.3036766521098443,3.8501259694154776e+16,0.7614802293463391,0.0
Mr. KENNEDY-K000393,102.0,3.637978807091713e-12,0.9173100099999998,1.2382623752169179e-11,2.6672567314860423e-17,0.29379708855761805,3.439151541625044e+16,0.7695218710468574,0.0
Mr. DUNCAN of South Carolina-D000615,20.0,-1.7462298274040222e-10,0.948092966,1.1226790986029893e-10,6.650903974097541e-17,-1.555413144839831,1.4255099302176386e+16,0.13725450226607075,6.226774421312844e-281
Mr. BROOKS of Alabama-B001274,13.0,-4.656612873077393e-10,0.8296358830000008,1.602682048840618e-09,6.871108348271174e-16,-0.29055125914999747,1207426576541678.2,0.7767991919393302,1.5797144213231554e-161
Mr. BRIDENSTINE-B001283,5.0,-5.820766091346741e-11,0.6955241400000001,3.257467379285581e-11,1.3487831397006975e-16,-1.7868992728404038,5156678783472492.0,0.17192280404429555,1.6082757279166422e-47
Mr. WOMACK-W000809,10.0,-1.7462298274040222e-10,0.7000280399999999,1.7470192109891596e-10,1.7079642528749043e-16,-0.9995481540327823,4098610605120619.5,0.3467992406927327,1.4064514561933345e-122
Mr. ZELDIN-Z000017,37.0,-4.3655745685100555e-11,0.7454739690000002,2.7142199680278072e-11,4.382798933296336e-17,-1.6084085372351553,1.7009084385245198e+16,0.11673037859218899,0.0
Mrs. BLACK-B001273,125.0,-1.4665602066088468e-11,0.7302257740000007,2.0951869196225603e-11,6.430314058451358e-17,-0.6999662860023209,1.1355989262145996e+16,0.4852701424067195,0.0
Mr. GIBBS-G000563,36.0,-4.3655745685100555e-11,0.8246420020000002,1.9530116233232626e-11,2.44886188476656e-17,-2.235303935919006,3.3674500270096284e+16,0.03207288216919446,0.0
Mrs. LOVE-L000584,11.0,0.0,0.712768717,0.0,0.0,nan,inf,nan,0.0
Mr. GUTHRIE-G000558,30.0,0.0,0.7910263610000001,5.701856463878649e-11,3.7307486262650216e-17,0.0,2.120288553967581e+16,1.0,0.0
Mr. PERRY-P000605,52.0,-7.275957614183426e-12,0.763722081,1.6609816933041398e-12,4.555352955182863e-18,-4.3805164400756205,1.6765376657171504e+17,6.060373248028243e-05,0.0
Mr. DesJARLAIS-D000616,10.0,-8.731149137020111e-11,0.8353226230000003,1.5323116236460465e-10,1.1390402401772603e-16,-0.5698024476408297,7333565518896903.0,0.5844532660925104,1.3387411463822527e-124
Mr. ISAKSON-I000055,59.0,-1.3096723705530167e-10,0.812955059,2.552900923258257e-11,2.018587317500284e-17,-5.1301339531872125,4.027346510859497e+16,3.6219739011177815e-06,0.0
Mr. TOOMEY-T000461,123.0,-6.184563972055912e-11,0.7561441089999998,1.2666030068909959e-11,1.739261149034799e-17,-4.882795902432401,4.3475018654882344e+16,3.232155118538408e-06,0.0
Mr. MURPHY of Pennsylvania-M001151,18.0,0.0,0.7561441089999996,7.019230223232575e-11,1.0368650071475087e-16,0.0,7292599362381871.0,1.0,1.3180770409704893e-245
Mr. AMODEI-A000369,2.0,2.791026201176702e-07,0.7222254769998921,4.290435119721565e-23,1.1102230246249909e-16,6505228778189356.0,6505228778189357.0,9.786277993819856e-17,9.786277993819855e-17
Mr. KELLY of Mississippi-K000388,105.0,9.094947017729282e-12,0.7776131580000001,2.449193235296752e-12,1.7214599006731864e-17,3.713446079572937,4.517172649191016e+16,0.0003322011711529499,0.0
Mr. KING of Iowa-K000362,137.0,3.637978807091713e-12,0.8914045619999991,1.6873117507754736e-11,8.17824035296203e-17,0.21560798147821408,1.0899710983392e+16,0.8296187436605492,0.0
Mr. BABIN-B001291,87.0,8.731149137020111e-11,0.9620635500000001,3.9038147029587855e-11,2.7827009337882994e-17,2.2365685365144468,3.4573012799125016e+16,0.027932823107847587,0.0
Mr. ROBERTS-R000307,49.0,8.731149137020111e-11,0.987049554,2.444482799369984e-11,1.2145700403578649e-17,3.5717776943533366,8.126740502418226e+16,0.0008313237576271445,0.0
Mr. McKINLEY-M001180,12.0,2.3283064365386963e-10,0.760244483,2.7754762092166995e-10,1.4188864537138938e-16,0.8388853879586291,5358036092388382.0,0.4211341229872797,1.2619560693679596e-153
Mr. MULLIN-M001190,9.0,0.0,0.7864116830000001,8.637889127216119e-11,6.676190648124467e-17,0.0,1.1779347302206322e+16,1.0,8.393181493707332e-111
Mr. GOHMERT-G000552,224.0,-1.8189894035458565e-11,0.8753677440000007,1.665780986041112e-11,5.71050087942118e-17,-1.091973926217551,1.5329088682125e+16,0.27602819727350714,0.0
Mr. RUTHERFORD-R000609,28.0,-1.4551915228366852e-11,0.698540787,2.199606851551283e-12,5.515870479707637e-18,-6.615689171046201,1.2664198508102486e+17,5.127480379761636e-07,0.0
Mr. JONES-J000255,22.0,5.093170329928398e-11,0.7888404789999998,4.6239350937625535e-11,6.340614981323144e-17,1.1014796329643162,1.2441072061994e+16,0.28376791009068514,2.28634877697226e-310
Mr. MOOLENAAR-M001194,8.0,4.656612873077393e-10,0.7533882090000001,1.1144305646202482e-09,5.050047613802895e-16,0.41784683774032827,1491843773791011.0,0.6906003192733721,6.122992059207393e-90
Mr. LaMALFA-L000578,88.0,-2.9103830456733704e-11,0.9127801400000001,2.974590504195168e-11,1.9682796993407096e-17,-0.9784146898770625,4.6374513759692936e+16,0.33061361066093586,0.0
Mrs. FISCHER-F000463,106.0,-1.0913936421275139e-11,0.8858479300000006,3.841375450856621e-11,7.30956436623982e-17,-0.28411532694210734,1.2119024959837624e+16,0.7768868935788744,0.0
Mrs. HARTZLER-H001053,24.0,0.0,0.8245839530000006,1.470209921007033e-10,2.025418427777902e-16,0.0,4071178289340718.5,1.0,0.0
Mr. ABRAHAM-A000374,22.0,0.0,0.886450825,0.0,0.0,nan,inf,nan,0.0
Mr. DENT-D000604,11.0,1.1641532182693481e-10,0.5865980539999999,1.270440119217835e-10,7.401486830834375e-17,0.9163385197454847,7925408332231974.0,0.3833860607181919,4.127394745571911e-140
Mr. JOHNSON-J000293,66.0,-4.3655745685100555e-11,0.8590471190000001,2.3718953683078596e-11,1.8744299263683018e-17,-1.8405426423276472,4.58297803996546e+16,0.07032539540236672,0.0
Mr. BARR-B001282,103.0,-7.275957614183426e-12,0.8376281490000002,1.0906080354244598e-11,1.4740983582168177e-17,-0.6671468921785135,5.6823084045304776e+16,0.5061996717635324,0.0
Mrs. ROBY-R000591,32.0,0.0,0.6874617210000002,2.333207128269582e-10,1.2243213428922593e-16,0.0,5615043182829633.0,1.0,0.0
Mr. ENZI-E000285,271.0,-3.637978807091713e-12,0.9282383479999994,2.726881552103801e-11,5.3385252931662174e-17,-0.1334116916183982,1.7387542383441102e+16,0.8939675495914057,0.0
Mrs. CAPITO-C001047,92.0,-1.4551915228366852e-10,0.7818305630000005,3.21402342281982e-11,5.4062350823230644e-17,-4.527631978363041,1.4461645694179602e+16,1.821364906118241e-05,0.0
Mr. STRANGE-S001202,51.0,-5.093170329928398e-11,0.910379248,1.0073983575683324e-11,1.675803772619492e-17,-5.055765965533575,5.432493128816405e+16,6.3875015228805615e-06,0.0
Mr. FRANCIS ROONEY of Florida-R000607,36.0,-1.4551915228366852e-11,0.7622309110000001,2.087503986491428e-11,2.4608751216841428e-17,-0.6970964042480695,3.0973977683124124e+16,0.4904818061460211,0.0
Mr. YOUNG of Alaska-Y000033,19.0,-1.4551915228366852e-11,0.7227863590000003,9.20293366076953e-11,1.118715163461461e-16,-0.15812257009304628,6460861375683855.0,0.8762232957383116,9.208973590676094e-260
Mr. INHOFE-I000024,205.0,-1.6370904631912708e-11,0.9999999999999994,5.033625005692925e-11,5.701310777607225e-17,-0.3252309143688208,1.753982617344161e+16,0.7453412644885058,0.0
Mr. RATCLIFFE-R000601,36.0,1.4551915228366852e-10,0.8274793530000001,1.3062434808158362e-10,8.982897008297323e-17,1.1140277782881802,9211720364106078.0,0.2730808429344643,0.0
Mr. YOHO-Y000065,59.0,-5.820766091346741e-11,0.8761317460000001,3.0780158440479185e-11,2.2653892796418886e-17,-1.8910773648558656,3.8674666375153784e+16,0.06369985977704873,0.0
Mr. THOMAS J. ROONEY of Florida-R000583,10.0,-6.984919309616089e-10,0.7251064780000005,3.2119895761666875e-10,1.9626155733547196e-16,-2.1746394700172598,3694592501172139.0,0.061373131418886125,3.226158254766821e-122
Mr. PALAZZO-P000601,19.0,1.4551915228366852e-11,0.855349826,6.7398796320183455e-12,1.3924075322526144e-17,2.159076426118472,6.142956039717976e+16,0.04542775604695235,2.1713632878036806e-276
Mr. COFFMAN-C001077,30.0,2.9103830456733704e-11,0.7578962579999999,1.5601639807484556e-11,2.7030830237128753e-17,1.8654340707681099,2.803821604261995e+16,0.07263107479235399,0.0
Mr. ROTHFUS-R000598,81.0,-1.4551915228366852e-11,0.7905764400000006,1.7820694606925444e-10,1.2918011220821306e-16,-0.08165739635486327,6119954739826716.0,0.9351256889254611,0.0
Mr. BUCHANAN-B001260,14.0,-1.4551915228366852e-11,0.6369791860000001,9.79810409301952e-12,3.7701955226240107e-17,-1.485176631133578,1.6895123400832812e+16,0.16328692554014052,1.24526872636733e-189
Mr. COMER-C001108,42.0,-1.8189894035458565e-11,0.7161137139999998,2.72532066228096e-11,5.629563157673121e-17,-0.6674405066240724,1.272059117098515e+16,0.5083233641103877,0.0
Mr. SHIMKUS-S000364,82.0,-1.4551915228366852e-11,0.7047572020000002,2.550841309079433e-11,2.9872055843733804e-17,-0.5704751282085226,2.359252425366082e+16,0.5699543496385266,0.0
Mr. EMMER-E000294,55.0,-2.1827872842550278e-11,0.8368683230000001,7.0438067378951215e-12,1.6911891865593153e-17,-3.098874465864893,4.9484015724023704e+16,0.0031063296786739227,0.0
Mr. ROSKAM-R000580,42.0,1.0186340659856796e-10,0.7064549489999998,3.8416192200805106e-11,4.230171441746872e-17,2.6515747856038985,1.6700385758083258e+16,0.011427388177564316,0.0
Mr. BOST-B001295,12.0,2.3283064365386963e-10,0.7664359390000003,1.3452761099280191e-09,5.812427454632026e-16,0.17307275579756454,1318615922490721.0,0.8660472352080524,1.5485221719321342e-147
Ms. McSALLY-M001197,50.0,1.4551915228366852e-11,0.6861507469999997,3.2194909486980863e-11,6.013325832844306e-17,0.45199428916709417,1.141050337322982e+16,0.6533090784739821,0.0
Mr. FARENTHOLD-F000460,56.0,1.3096723705530167e-10,0.9034290640000004,9.033058787155015e-11,1.1321124844551746e-16,1.4498658775644937,7980029161455390.0,0.1528794244406408,0.0
Mr. TAYLOR-T000477,7.0,2.2516397376787348e-07,0.5826500599999133,5.2546884089173493e-23,1.3597399555103158e-16,4285010951092059.0,4285010951092059.0,1.0904158502818882e-92,1.0904158502818882e-92
Mr. OLSON-O000168,44.0,2.9103830456733704e-11,0.924991181,7.879662536971542e-12,8.960554322137299e-18,3.6935376762872676,1.032292364675234e+17,0.0006327903510461154,0.0
Mr. JORDAN-J000289,4.0,-1.7462298274040222e-10,0.7116440700000001,1.1728527635586342e-10,1.199177923332954e-16,-1.488873865211917,5934432715556344.0,0.27494789554354243,2.839498081757361e-32
Mr. WITTMAN-W000804,38.0,-3.4924596548080444e-10,0.8128405500000003,8.476119321044892e-11,6.529573971653978e-17,-4.120352159433159,1.2448600069907826e+16,0.0002118668800661835,0.0
Mr. SMUCKER-S001199,27.0,-2.9103830456733704e-10,0.7455428230000005,3.500921295949867e-10,1.859416423549057e-16,-0.8313191870495129,4009552747614154.0,0.41366323432746344,0.0
Mr. JOHNSON of Louisiana-J000299,56.0,7.275957614183426e-12,0.6912904550000002,6.220337042731023e-12,3.318439628449597e-17,1.1697047224612984,2.08317924205533e+16,0.247256835571762,0.0
Mr. JODY B. HICE of Georgia-H001071,40.0,-1.4551915228366852e-11,0.9203309870000003,3.938794334326873e-11,5.816086293643013e-17,-0.36945100437323863,1.5823888101624674e+16,0.7138424746923963,0.0
Mr. AMASH-A000367,2.0,2.0933141397470265e-07,0.5416806199999191,4.290435119721565e-23,1.1102230246249909e-16,4879025276771638.0,4879025276771638.0,1.3048093343529899e-16,1.3048093343529899e-16
Mr. COOK-C001094,21.0,-6.45741238258779e-11,0.745115643,2.175921339207354e-11,9.949432690025907e-17,-2.967668116596577,7489026422048791.0,0.00790738977990704,6.179150952261429e-291
Mr. HELLER-H001041,133.0,-2.1827872842550278e-11,0.7894763800000006,4.490171249380863e-11,7.430774696284118e-17,-0.48612562038831064,1.0624415518812478e+16,0.6276903004548569,0.0
Mr. NUNES-N000181,36.0,-1.1641532182693481e-10,0.632471646,4.132121259988383e-11,2.335383884651953e-17,-2.817325884266574,2.708212770314027e+16,0.008009086445612512,0.0
Mrs. MIMI WALTERS of California-W000820,8.0,-9.313225746154785e-10,0.6533215830000005,4.882975440559802e-10,2.4962879103126144e-16,-1.9072849862802266,2617172403475623.0,0.10510282840394236,2.1004375767095835e-91
Mr. LOUDERMILK-L000583,17.0,5.820766091346741e-11,0.8353578569999998,6.396467337894043e-11,7.244080419016069e-17,0.9099970005104654,1.1531592813452818e+16,0.3772150580010408,1.5812716496471834e-233
Mr. ESTES of Kansas-E000298,30.0,-5.820766091346741e-11,0.6613712269999998,4.764465753027917e-11,5.2831527560215715e-17,-1.2217038369197055,1.251849525354325e+16,0.23200609825369495,0.0
Ms. FOXX-F000450,94.0,7.275957614183426e-11,0.6632940180000001,3.123992470763322e-11,2.798226401468353e-17,2.329057346417229,2.3704086904903064e+16,0.022045643269804537,0.0
Mr. UPTON-U000031,71.0,1.4551915228366852e-11,0.6190089810000001,5.956776605487493e-12,1.9435307515285248e-17,2.442917737583336,3.184971374973971e+16,0.017132928178130297,0.0
Mr. GOWDY-G000566,6.0,-1.1641532182693481e-10,0.6110563150000003,5.093091060562907e-10,3.3129996172671973e-16,-0.22857498607941276,1844420119505006.0,0.8304094986543943,5.1845593023577556e-61
Mr. POSEY-P000599,9.0,1.4551915228366852e-10,0.7928682659999999,5.861249546806159e-11,5.992807689133133e-17,2.4827325832417944,1.323033054168787e+16,0.04204153956791983,3.7220340282184475e-111
Mr. ISSA-I000056,28.0,3.637978807091713e-11,0.6780339420000001,2.0702185268633135e-11,3.30553859751934e-17,1.7572921698289443,2.0512056416731436e+16,0.09063918525275089,0.0
Mr. VALADAO-V000129,18.0,-1.0913936421275139e-11,0.7951414430000001,1.819307799582575e-11,3.4482995551862534e-17,-0.5998949943368159,2.3058943408907292e+16,0.5569774811189516,1.3201644144580154e-253
Mr. DeSANTIS-D000621,27.0,2.3283064365386963e-10,0.738801295,1.7432123325836015e-10,1.0042345108077676e-16,1.3356413289526992,7356860245778018.0,0.19369993442701916,0.0
Mr. CULBERSON-C001048,22.0,0.0,0.7617438900000004,7.487716058571601e-10,3.4348674524361906e-16,0.0,2217680596262109.5,1.0,2.179308247200173e-295
Mr. THORNBERRY-T000238,59.0,1.4551915228366852e-11,0.6544804069999997,3.0432051065293056e-11,5.334646800373833e-17,0.47817727425421297,1.226848620894894e+16,0.6343529677216715,0.0
Mr. SANFORD-S000051,7.0,-2.3283064365386963e-10,0.658465839,4.3884132063673943e-10,2.0269806481627062e-16,-0.5305577043566513,3248505798991450.5,0.6184351230396737,5.246692720163017e-77
Ms. JENKINS of Kansas-J000290,12.0,-3.2014213502407074e-10,0.8309673250000005,2.0842140548118223e-10,1.6604579978100028e-16,-1.5360328958772684,5004446520754954.0,0.15554331266181404,2.4976987600559595e-153
Mr. JENKINS of West Virginia-J000297,22.0,3.637978807091713e-11,0.7480121110000004,1.5044743344296072e-10,1.4977556959788163e-16,0.24181062606634518,4994219771677504.0,0.8113889956529768,1.9361794279075357e-302
Mr. MAST-M001199,35.0,-1.1641532182693481e-10,0.6326093410000001,1.0374373682409531e-10,5.025743490400999e-17,-1.1221431325953204,1.2587378209975552e+16,0.2699002969351637,0.0
Mr. LUCAS-L000491,28.0,5.529727786779404e-10,0.7088668309999999,2.292540404473777e-10,1.0979013517479911e-16,2.4120524881430305,6456562148060011.0,0.02321905358065608,0.0
Mr. BERGMAN-B001301,36.0,8.003553375601768e-11,0.6779317450000003,5.959053133472998e-11,8.347331995725568e-17,1.343091460394013,8121538059671640.0,0.1881397161923595,0.0
Mr. GALLAGHER-G000579,57.0,1.2369127944111824e-10,0.7547983240000005,1.7315328829815082e-10,1.2720905751715028e-16,0.7143455412070231,5933526580041196.0,0.4780344777252672,0.0
Mr. PAULSEN-P000594,52.0,-8.003553375601768e-11,0.6873204410000004,9.140650057078322e-11,8.979169268239279e-17,-0.8756000203075262,7654610582196729.0,0.38543457898733613,0.0
Mr. ROGERS of Kentucky-R000395,17.0,-2.546585164964199e-11,0.5979278540000004,1.3089502161617555e-10,1.20830241841318e-16,-0.19455172041848695,4948495052962300.0,0.8483543596098722,5.131553492269624e-228
Mr. HARPER-H001045,38.0,-6.184563972055912e-11,0.7908242510000001,1.3886154019910596e-11,2.4374702298289727e-17,-4.453763052885777,3.244446809327755e+16,7.86487884897856e-05,0.0
Mr. ADERHOLT-A000055,16.0,0.0,0.7364200090000006,1.3576448249474005e-10,1.9587080933550257e-16,0.0,3759723112894295.0,1.0,1.9581299879567695e-211
Mr. GRAVES of Missouri-G000546,43.0,1.8189894035458565e-12,0.7266399720000003,4.516327430374352e-12,6.510257607773514e-17,0.4027585314812046,1.1161462660592146e+16,0.6892183083218405,0.0
Mr. WILSON of South Carolina-W000795,105.0,-9.094947017729282e-12,0.8054083449999996,5.4723233687548754e-12,4.9305455678283227e-17,-1.6619900552036762,1.6335075579774932e+16,0.09955539523021285,0.0
Mr. ROSS-R000593,36.0,-1.4551915228366852e-11,0.7571190559999998,3.8199509349102326e-11,3.444495955096233e-17,-0.3809450821835966,2.1980547106749244e+16,0.7056140113198327,0.0
Mr. FRANKS of Arizona-F000448,38.0,5.820766091346741e-11,0.7571190560000003,6.012742446237626e-11,7.897764368351545e-17,0.9680717481902105,9586498415095528.0,0.33946767132813305,0.0
Mr. SCHWEIKERT-S001183,37.0,-2.9103830456733704e-11,0.7646763590000003,4.9738298770212885e-11,6.908680713804302e-17,-0.5851392423209157,1.1068341274942596e+16,0.5622078881597135,0.0
Mr. LUETKEMEYER-L000569,75.0,-1.8189894035458565e-11,0.8404457249999994,2.2303081576206384e-11,9.104626496443667e-17,-0.815577613044473,9230974223141208.0,0.4173949071932448,0.0
Mr McCONNELL-M000355,5.0,2.934900713769091e-07,0.7594554529998867,4.290435119721565e-23,1.1102230246249908e-16,6840566590270583.0,6840566590270583.0,2.7402043449150135e-63,2.7402043449150135e-63
Mr. BYRNE-B001289,107.0,-2.9103830456733704e-11,0.8784959980000002,9.619113713657977e-12,2.4042483022156636e-17,-3.0256249508111948,3.653932071784814e+16,0.0031203680783501962,0.0
Mr. WALKER-W000819,52.0,-1.0913936421275139e-11,0.7731964570000003,1.9860593362229343e-11,5.2821881028016675e-17,-0.5495272080858945,1.4637806188497862e+16,0.585089933217007,0.0
Mr. MARINO-M001179,23.0,-8.731149137020111e-11,0.7018391020000001,3.697901783700669e-11,3.4621784391745164e-17,-2.3611089876709563,2.02716039721898e+16,0.027963672997932027,0.0
Mrs. BLACKBURN-B001243,51.0,8.731149137020111e-11,0.8177049729999994,2.1794324427572213e-10,1.4635575113003322e-16,0.4006157275503456,5587105164548609.0,0.6904445259651855,0.0
Mr. CURTIS-C001114,1.0,1.911934864182551e-07,0.4947456489999262,inf,inf,0.0,0.0,nan,nan
Mr. SASSE-S001197,36.0,-1.4551915228366852e-10,0.744310257,6.90833777287308e-11,4.404802699143771e-17,-2.1064278711888917,1.689769798644291e+16,0.04262462118041689,0.0
Mrs. WALORSKI-W000813,54.0,-4.3655745685100555e-11,0.8125431040000002,3.340911559269317e-11,3.9089652333682993e-17,-1.3067016265060427,2.0786654664100028e+16,0.19706376613358692,0.0
Mr. LANKFORD-L000575,188.0,7.275957614183426e-11,0.9257668499999996,3.6038145743333606e-11,4.314126628424562e-17,2.0189600391771942,2.145896330210577e+16,0.04492716196783542,0.0
Mr. SMITH of New Jersey-S000522,84.0,5.4569682106375694e-12,0.6371701020000001,3.908479570729888e-12,1.386091307926619e-17,1.3961869601427925,4.59688404621128e+16,0.16642656046554918,0.0
Mr. HATCH-H000338,315.0,-6.184563972055912e-11,0.8847732679999996,9.752087247486224e-12,3.1179407644036434e-17,-6.341784907277255,2.8376846606616876e+16,7.932902776089379e-10,0.0
Mr. CORNYN-C001056,562.0,4.547473508864641e-12,0.9499458390000015,1.426932080600644e-11,7.085947029141279e-17,0.3186888549699195,1.3406053348879212e+16,0.7500812920893596,0.0
Mr. HUNTER-H001048,18.0,5.820766091346741e-11,0.7166012179999997,3.980625258654491e-10,2.0510731062587781e-16,0.14622743195158852,3493786817316828.0,0.8855683502566232,1.7112601943840026e-240
Mr. SMITH of Nebraska-S001172,43.0,4.3655745685100555e-11,0.6662894960000001,1.648678304450459e-11,2.5168310567824314e-17,2.6479238288789144,2.6473350056789204e+16,0.011442936977312086,0.0
